,Temperature,Humidity,CO2
140,23.7,26.272,749.2
141,23.718,26.29,760.4
142,23.73,26.23,769.666666666667
143,23.7225,26.125,774.75
144,23.754,26.2,779.0
145,23.76,26.26,790.0
146,23.73,26.29,798.0
147,23.754,26.29,797.0
148,23.754,26.35,803.2
149,23.736,26.39,809.0
150,23.745,26.445,815.25
151,23.7,26.56,824.0
152,23.7,26.6,832.0
153,23.7,26.7,845.333333333333
154,23.7,26.774,852.4
155,23.7,26.89,861.0
156,23.7,26.9725,880.0
157,23.6,26.89,891.0
158,23.64,26.976,897.6
159,23.65,27.05,900.5
160,23.64,27.1,908.8
161,23.6,27.16,918.0
162,23.6,27.236,925.2
163,23.6,27.29,929.4
164,23.6,27.33,936.4
165,23.6,27.34,950.0
166,23.625,27.3925,961.0
167,23.6,27.39,963.0
168,23.6,27.412,958.6
169,23.6,27.5,965.333333333333
170,23.6,27.525,979.25
171,23.6,27.6,978.428571428571
172,23.6,27.6,983.0
173,23.6,27.54,992.6
174,23.6,27.6,997.2
175,23.6166666666667,27.6333333333333,999.5
176,23.6666666666667,27.7,1001.0
177,23.6,27.7,1009.5
178,23.6,27.7225,1019.0
179,23.6,27.79,1021.0
180,23.6,27.8566666666667,1024.66666666667
181,23.6,27.8042857142857,1030.42857142857
182,23.575,27.79,1026.25
183,23.54,27.81,1028.0
184,23.6,27.978,1034.8
185,23.525,28.0,1055.5
186,23.5,27.978,1055.25
187,23.5,28.0,1050.0
188,23.5,28.0,1051.25
189,23.5,28.0,1053.6
190,23.5,28.0,1055.5
191,23.5,28.025,1055.0
192,23.445,28.125,1059.5
193,23.39,28.18,1060.0
194,23.39,28.2,1073.6
195,23.39,28.2,1078.6
196,23.39,28.2,1081.0
197,23.39,28.2225,1082.0
198,23.39,28.3733333333333,1088.83333333333
199,23.37,28.39,1090.6
200,23.39,28.3233333333333,1086.0
201,23.3733333333333,28.445,1092.5
202,23.39,28.5,1103.75
203,23.3233333333333,28.5,1104.5
204,23.365,28.5,1103.5
205,23.29,28.5,1112.0
206,23.3066666666667,28.5333333333333,1105.66666666667
207,23.29,28.7,1104.0
208,23.29,28.7,1117.2
209,23.29,28.675,1121.25
210,23.29,28.6166666666667,1115.66666666667
211,23.29,28.66,1120.0
212,23.29,28.55,1123.75
213,23.29,28.6,1116.0
214,23.272,28.6,1126.8
215,23.2,28.4175,1112.75
216,23.23,28.5,1104.5
217,23.29,28.5,1108.0
218,23.215,28.6333333333333,1127.83333333333
219,23.2,28.6,1128.75
220,23.2,28.65,1124.25
221,23.2,28.62,1130.4
222,23.2,28.7,1138.0
223,23.2,28.7,1144.0
224,23.2,28.718,1140.0
225,23.2,28.79,1139.25
226,23.2,28.79,1167.33333333333
227,23.14,28.79,1159.6
228,23.15,28.89,1157.75
229,23.15,28.89,1159.5
230,23.18,28.83,1156.4
231,23.1166666666667,28.945,1160.0
232,23.14,28.956,1169.8
233,23.1,29.0,1176.16666666667
234,23.1,29.075,1175.25
235,23.1,28.918,1166.6
236,23.1,27.925,1140.25
237,23.06,27.772,1089.2
238,23.02,27.556,1042.6
239,23.01,27.8188333333333,1051.1
240,23.0,28.0816666666667,1059.6
241,23.0,27.956,1064.6
242,22.9816666666667,27.9083333333333,1061.66666666667
243,23.0,27.9266666666667,1058.33333333333
244,23.0,28.018,1061.6
245,22.9816666666667,28.0666666666667,1070.33333333333
246,22.945,28.1,1074.0
247,23.0,28.1,1086.25
248,22.956,28.2,1089.6
249,22.9725,28.1,1085.0
250,22.945,28.1333333333333,1085.0
251,23.0,28.2,1088.0
252,22.945,28.2,1091.75
253,23.0,28.1333333333333,1091.33333333333
254,22.912,28.1,1088.2
255,22.89,28.1,1087.5
256,22.89,27.956,1079.2
257,22.865,27.84,1077.25
258,22.8733333333333,27.6833333333333,1064.16666666667
259,22.8733333333333,27.6,1056.4
260,22.89,27.6,1043.6
261,22.815,27.445,1039.5
262,22.84,27.3733333333333,1028.66666666667
263,22.79,27.365,1020.4
264,22.79,27.2,1018.0
265,22.79,27.1714285714286,1015.14285714286
266,22.79,27.0666666666667,1006.33333333333
267,22.79,27.02,1002.6
268,22.772,26.934,993.2
269,22.76,26.8233333333333,983.333333333333
270,22.7,26.754,976.2
271,22.7225,26.7,980.75
272,22.7,26.6833333333333,971.333333333333
273,22.7,26.5333333333333,966.666666666667
274,22.7,26.4633333333333,963.0
275,22.7,26.445,952.333333333333
276,22.7,26.34,948.0
277,22.7,26.26,945.0
278,22.7,26.2,941.6
279,22.7,26.16,929.8
280,22.7,26.02,923.8
281,22.7,26.1,919.0
282,22.7,26.0,918.25
283,22.7,25.934,919.4
284,22.7,25.9266666666667,927.333333333333
285,22.7,25.815,920.25
286,22.68,25.772,902.4
287,22.64,25.696,904.4
288,22.6,25.575,897.0
289,22.6666666666667,25.6,892.0
290,22.6,25.525,882.5
291,22.62,25.476,887.2
292,22.625,25.55,889.25
293,22.6,25.39,889.2
294,22.65,25.42,880.75
295,22.6,25.2675,868.75
296,22.6,25.218,861.0
297,22.6,25.2,860.6
298,22.6,25.2,864.0
299,22.6,25.15,859.0
300,22.6,25.14,854.4
301,22.6,25.15,847.4
302,22.6,25.04,837.2
303,22.6,25.05,834.75
304,22.6,25.06,832.4
305,22.6,25.0,832.0
306,22.6,25.0,836.25
307,22.6,25.0,832.6
308,22.6,25.025,821.5
309,22.6,25.1,832.4
310,22.6,25.08,832.4
311,22.56,25.02,830.75
312,22.58,25.08,821.5
313,22.575,25.075,818.25
314,22.56,24.912,819.8
315,22.55,25.2,822.5
316,22.6,24.9175,818.0
317,22.58,25.06,812.8
318,22.5666666666667,24.9083333333333,816.5
319,22.525,24.945,822.25
320,22.54,24.89,825.0
321,22.5,24.865,816.5
322,22.5,24.9175,811.5
323,22.5,24.9116666666667,811.0
324,22.56,24.81,812.2
325,22.525,24.89,814.25
326,22.52,24.976,824.0
327,22.575,25.075,834.5
328,22.6,25.0,837.0
329,22.6,25.0214285714286,841.166666666667
330,22.6,25.0428571428571,845.333333333333
331,22.6,25.1,854.75
332,22.6,25.1,850.333333333333
333,22.6,25.08,845.4
334,22.6,25.1666666666667,854.333333333333
335,22.6,25.0666666666667,849.333333333333
336,22.6,25.2,853.0
337,22.6,25.2,853.0
338,22.54,25.16,852.0
339,22.54,25.16,853.6
340,22.54,25.14,845.6
341,22.525,25.1,834.25
342,22.5,25.04,826.4
343,22.5,25.0,819.6
344,22.5,25.0,829.6
345,22.5,25.0,824.0
346,22.5,24.912,814.2
347,22.5,24.89,813.5
348,22.5,24.89,813.8
349,22.5,24.89,811.0
350,22.478,24.87,804.6
351,22.456,24.83,807.8
352,22.5,24.8566666666667,802.333333333333
353,22.4175,24.7475,796.75
354,22.456,24.81,794.4
355,22.39,24.7,790.6
356,22.4175,24.7225,789.75
357,22.39,24.7,782.2
358,22.39,24.7225,772.25
359,22.39,24.7170833333333,772.925
360,22.39,24.7116666666667,773.6
361,22.39,24.625,773.75
362,22.39,24.754,771.8
363,22.39,24.912,782.8
364,22.39,25.245,796.5
365,22.39,25.0925,809.0
366,22.39,25.0,805.5
367,22.35,24.978,791.4
368,22.3233333333333,25.0,779.333333333333
369,22.365,24.9725,780.75
370,22.315,24.89,781.75
371,22.29,24.9175,781.0
372,22.29,24.912,778.4
373,22.26,24.8566666666667,769.333333333333
374,22.254,24.85,766.5
375,22.23,24.7933333333333,763.25
376,22.26,24.8233333333333,762.333333333333
377,22.2,24.79,761.5
378,22.2,24.79,761.0
379,22.2,24.736,757.0
380,22.2,24.79,752.333333333333
381,22.1333333333333,24.7,748.666666666667
382,22.1,24.7,746.25
383,22.15,24.7225,745.25
384,22.1,24.7,740.666666666667
385,22.1,24.7,738.0
386,22.1333333333333,24.7,732.666666666667
387,22.1,24.7,727.0
388,22.1,24.675,716.0
389,22.0666666666667,24.6666666666667,723.25
390,22.0666666666667,24.6666666666667,718.333333333333
391,22.0,24.58,716.6
392,21.978,24.6,714.0
393,21.978,24.56,714.2
394,21.945,24.6,715.0
395,21.9266666666667,24.5,706.666666666667
396,21.89,24.5,706.0
397,21.89,24.525,698.75
398,21.89,24.5,692.5
399,21.89,24.5,694.75
400,21.815,24.4175,697.25
401,21.8233333333333,24.4633333333333,692.0
402,21.79,24.39,691.0
403,21.79,24.39,689.75
404,21.79,24.39,689.0
405,21.7675,24.39,687.0
406,21.7675,24.365,679.75
407,21.754,24.35,668.4
408,21.7,24.29,665.666666666667
409,21.7,24.29,664.75
410,21.7,24.29,668.0
411,21.7,24.29,661.25
412,21.64,24.236,658.2
413,21.6,24.2,656.0
414,21.6,24.2,654.8
415,21.6,24.2225,653.75
416,21.5,24.26,650.333333333333
417,21.5,24.2,650.75
418,21.55,24.2,648.25
419,21.5,24.2,640.333333333333
420,21.5,24.2,638.0
421,21.5,24.2,636.25
422,21.5,24.2,636.333333333333
423,21.5,24.15,635.75
424,21.5,24.175,635.5
425,21.5,24.125,627.5
426,21.5,24.15,626.25
427,21.5,24.125,621.5
428,21.5,24.1,621.75
429,21.5,24.1,620.666666666667
430,21.5,24.1,617.0
431,21.5,24.1,612.75
432,21.4725,24.075,614.5
433,21.39,24.0,617.333333333333
434,21.4266666666667,23.9266666666667,614.25
435,21.39,23.9725,610.75
436,21.39,23.9175,603.0
437,21.39,23.945,603.5
438,21.365,23.89,602.0
439,21.3233333333333,24.0,605.666666666667
440,21.34,23.9725,604.5
441,21.315,23.9725,599.0
442,21.3566666666667,24.0,600.0
443,21.39,23.9725,596.5
444,21.315,23.89,597.5
445,21.29,23.945,594.0
446,21.29,23.9725,590.5
447,21.29,23.89,586.666666666667
448,21.29,23.9266666666667,588.0
449,21.29,23.89,585.5
450,21.29,23.89,584.5
451,21.254,23.85,587.2
452,21.23,23.8233333333333,585.0
453,21.218,23.81,579.4
454,21.2,23.79,579.333333333333
455,21.2,23.79,581.6
456,21.2,23.79,581.666666666667
457,21.2,23.79,577.5
458,21.2,23.79,577.333333333333
459,21.2,23.7675,574.25
460,21.2,23.745,569.0
461,21.2,23.76,565.333333333333
462,21.2,23.7,561.4
463,21.2,23.79,567.333333333333
464,21.175,23.7,565.333333333333
465,21.1666666666667,23.7,563.5
466,21.125,23.675,559.0
467,21.1,23.65,559.5
468,21.125,23.65,550.5
469,21.1,23.6,553.0
470,21.1333333333333,23.6,552.0
471,21.1,23.6,553.25
472,21.1,23.6,545.75
473,21.1,23.6,548.0
474,21.1,23.6,547.0
475,21.1,23.575,545.75
476,21.1,23.5333333333333,544.0
477,21.1,23.4725,545.5
478,21.1,23.4725,547.0
479,21.1,23.5,545.25
480,21.1,23.5,541.25
481,21.125,23.5,540.75
482,21.1,23.5,533.333333333333
483,21.1333333333333,23.5,528.0
484,21.1,23.3925,537.75
485,21.1,23.4725,539.5
486,21.1,23.5,535.25
487,21.1,23.5,537.25
488,21.1,23.5,535.25
489,21.1,23.5,533.4
490,21.1,23.5,524.5
491,21.1,23.434,524.8
492,21.1,23.39,522.666666666667
493,21.1,23.39,521.0
494,21.125,23.39,519.75
495,21.1,23.39,523.0
496,21.1,23.39,523.0
497,21.1,23.39,519.0
498,21.1,23.365,519.5
499,21.1,23.39,519.75
500,21.1,23.365,520.0
501,21.1,23.33,524.6
502,21.075,23.315,520.25
503,21.075,23.34,519.0
504,21.1,23.29,523.2
505,21.0333333333333,23.29,517.666666666667
506,21.02,23.29,514.2
507,21.025,23.29,516.5
508,21.0,23.29,521.0
509,21.0,23.29,520.0
510,21.0,23.254,517.8
511,21.0,23.26,514.333333333333
512,21.0,23.2675,516.75
513,21.0,23.29,520.75
514,21.0,23.29,519.333333333333
515,21.0,23.29,519.0
516,21.0,23.29,509.75
517,21.0,23.29,508.5
518,20.9725,23.29,504.5
519,21.0,23.29,506.5
520,20.9725,23.29,509.0
521,20.9633333333333,23.29,507.25
522,21.0,23.29,509.333333333333
523,20.89,23.2,509.666666666667
524,20.89,23.245,508.25
525,20.89,23.2225,510.25
526,20.89,23.254,504.0
527,20.89,23.26,499.333333333333
528,20.89,23.2225,495.0
529,20.89,23.2,496.25
530,20.89,23.2,494.75
531,20.89,23.2,492.5
532,20.89,23.2,494.25
533,20.89,23.2,492.333333333333
534,20.89,23.125,493.75
535,20.89,23.125,484.75
536,20.89,23.1,489.25
537,20.89,23.1,494.5
538,20.89,23.1,495.666666666667
539,20.89,23.1,501.5
540,20.89,23.1,499.666666666667
541,20.89,23.1,492.5
542,20.89,23.1,494.25
543,20.89,23.1,494.0
544,20.9725,23.1,489.25
545,20.9175,23.1,490.0
546,20.89,23.1,495.5
547,20.89,23.05,498.0
548,20.89,23.05,495.0
549,20.912,23.0,490.2
550,20.9266666666667,23.0,492.333333333333
551,20.89,23.0,491.666666666667
552,20.89,22.956,488.0
553,20.934,22.934,488.0
554,20.89,23.0,485.0
555,20.89,23.0,490.0
556,20.9175,22.9725,489.5
557,20.89,22.945,485.25
558,20.89,22.89,485.666666666667
559,20.9175,22.945,485.0
560,20.89,22.956,485.2
561,20.945,22.89,484.0
562,20.89,22.9175,483.0
563,20.89,22.89,481.0
564,20.89,22.89,476.5
565,20.89,22.89,475.0
566,20.89,22.89,476.0
567,20.89,22.89,478.5
568,20.89,22.89,481.0
569,20.89,22.89,483.0
570,20.8566666666667,22.8566666666667,480.25
571,20.89,22.89,480.25
572,20.89,22.865,470.75
573,20.89,22.89,474.75
574,20.89,22.865,482.25
575,20.89,22.89,480.333333333333
576,20.89,22.89,480.0
577,20.89,22.84,481.5
578,20.89,22.84,483.5
579,20.89,22.79,475.6
580,20.89,22.76,475.333333333333
581,20.89,22.815,477.666666666667
582,20.89,22.79,475.75
583,20.89,22.79,479.166666666667
584,20.865,22.7675,475.0
585,20.865,22.7675,474.0
586,20.89,22.79,477.333333333333
587,20.89,22.79,473.0
588,20.89,22.7675,470.0
589,20.865,22.675,468.75
590,20.87,22.718,471.4
591,20.89,22.7,471.0
592,20.89,22.7,468.0
593,20.85,22.678,468.6
594,20.81,22.62,467.4
595,20.79,22.6,469.0
596,20.79,22.65,471.25
597,20.8233333333333,22.73,470.666666666667
598,20.79,22.6,466.75
599,20.79,22.64,466.8
600,20.79,22.7,468.75
601,20.79,22.65,467.5
602,20.79,22.6333333333333,469.666666666667
603,20.79,22.7,469.75
604,20.79,22.6,469.75
605,20.79,22.6,467.25
606,20.772,22.6,461.4
607,20.79,22.6,469.25
608,20.79,22.625,468.0
609,20.73,22.6,469.0
610,20.79,22.6,467.25
611,20.79,22.6,467.4
612,20.79,22.6,467.666666666667
613,20.745,22.6,471.5
614,20.76,22.6,471.666666666667
615,20.7225,22.6,464.75
616,20.7225,22.6,461.75
617,20.7225,22.6,458.5
618,20.745,22.55,459.5
619,20.7225,22.55,460.5
620,20.76,22.5666666666667,465.333333333333
621,20.7225,22.5,465.0
622,20.7225,22.5,459.0
623,20.7675,22.5,463.0
624,20.745,22.5,460.75
625,20.7,22.5,461.5
626,20.7,22.5,466.0
627,20.7675,22.5,460.25
628,20.718,22.52,457.4
629,20.7,22.5,464.6
630,20.73,22.5,464.333333333333
631,20.7,22.5,459.333333333333
632,20.7,22.5,459.75
633,20.7225,22.5,459.25
634,20.7,22.5,463.0
635,20.7225,22.445,461.5
636,20.7,22.5,454.5
637,20.7,22.5,458.333333333333
638,20.718,22.5,463.0
639,20.7,22.5,463.75
640,20.7,22.456,460.6
641,20.7,22.5,455.25
642,20.7,22.5,455.666666666667
643,20.7,22.5,456.25
644,20.7,22.4266666666667,459.666666666667
645,20.7,22.5,462.0
646,20.7225,22.4725,460.25
647,20.718,22.434,462.0
648,20.73,22.39,461.0
649,20.7,22.39,461.666666666667
650,20.745,22.39,460.25
651,20.7225,22.365,456.25
652,20.745,22.39,457.5
653,20.772,22.37,455.8
654,20.76,22.39,455.0
655,20.7675,22.365,451.25
656,20.745,22.39,453.75
657,20.736,22.39,456.2
658,20.73,22.3566666666667,453.666666666667
659,20.7,22.34,452.75
660,20.76,22.3566666666667,454.0
661,20.745,22.39,452.5
662,20.73,22.39,456.0
663,20.745,22.34,451.5
664,20.7,22.37,449.8
665,20.7,22.365,449.25
666,20.7,22.365,452.25
667,20.7225,22.34,451.25
668,20.7,22.34,453.0
669,20.7,22.39,453.25
670,20.7,22.315,456.666666666667
671,20.7,22.29,455.75
672,20.7,22.365,458.0
673,20.7,22.34,458.75
674,20.7,22.29,455.5
675,20.7,22.29,455.0
676,20.7,22.29,453.333333333333
677,20.7,22.33,454.6
678,20.7,22.29,457.5
679,20.7,22.29,449.666666666667
680,20.7,22.29,452.0
681,20.7,22.29,453.5
682,20.7,22.29,452.0
683,20.7,22.29,450.6
684,20.7,22.29,450.666666666667
685,20.7,22.29,451.0
686,20.7,22.29,454.5
687,20.7,22.29,457.25
688,20.7,22.315,456.0
689,20.675,22.29,456.5
690,20.675,22.29,453.5
691,20.7,22.29,454.25
692,20.675,22.22,454.0
693,20.675,22.2675,451.0
694,20.6666666666667,22.26,450.25
695,20.625,22.2225,449.75
696,20.675,22.2675,452.0
697,20.65,22.245,452.5
698,20.64,22.236,454.0
699,20.6333333333333,22.26,453.0
700,20.7,22.29,454.0
701,20.675,22.2675,450.0
702,20.625,22.245,451.75
703,20.675,22.2675,450.25
704,20.625,22.2225,445.0
705,20.65,22.2675,446.25
706,20.6666666666667,22.26,450.666666666667
707,20.64,22.236,453.6
708,20.6333333333333,22.23,450.333333333333
709,20.65,22.245,445.5
710,20.65,22.245,443.0
711,20.65,22.245,449.25
712,20.6333333333333,22.23,454.666666666667
713,20.65,22.245,449.0
714,20.625,22.2225,448.5
715,20.6,22.2,449.6
716,20.6,22.2,454.0
717,20.6,22.2225,451.25
718,20.6,22.2,449.333333333333
719,20.6,22.2,446.0
720,20.6,22.2225,445.75
721,20.6,22.2,451.5
722,20.6,22.2,455.25
723,20.6,22.2,455.25
724,20.6333333333333,22.23,451.666666666667
725,20.6,22.2,451.0
726,20.6,22.2,448.75
727,20.6,22.2,445.75
728,20.6,22.2,444.75
729,20.6,22.2,446.333333333333
730,20.6,22.2,450.0
731,20.575,22.2225,446.5
732,20.6,22.2225,446.5
733,20.575,22.2675,447.75
734,20.58,22.254,449.6
735,20.6,22.23,451.666666666667
736,20.6,22.26,450.0
737,20.6,22.2,449.25
738,20.575,22.2,449.75
739,20.55,22.2675,453.75
740,20.6,22.2,453.0
741,20.6,22.2,450.5
742,20.5666666666667,22.23,447.0
743,20.575,22.2675,443.75
744,20.6,22.2,444.25
745,20.6,22.2675,451.5
746,20.6,22.218,448.4
747,20.6,22.2,449.0
748,20.6,22.26,449.333333333333
749,20.6,22.2,446.25
750,20.6,22.2,446.6
751,20.6,22.2,447.666666666667
752,20.6,22.2,447.0
753,20.6,22.2,446.75
754,20.6,22.2,449.333333333333
755,20.58,22.2,451.2
756,20.6,22.2,454.0
757,20.6,22.2,451.0
758,20.6,22.2,450.25
759,20.6,22.2225,450.0
760,20.6,22.2225,449.0
761,20.6,22.2,446.0
762,20.58,22.218,443.2
763,20.5666666666667,22.26,443.333333333333
764,20.6,22.2,448.0
765,20.6,22.2675,454.0
766,20.6,22.29,451.5
767,20.6,22.29,451.333333333333
768,20.55,22.29,447.0
769,20.55,22.29,448.5
770,20.525,22.2225,450.5
771,20.575,22.29,446.5
772,20.6,22.29,447.333333333333
773,20.575,22.29,453.5
774,20.5666666666667,22.29,451.333333333333
775,20.58,22.254,449.4
776,20.5333333333333,22.26,453.666666666667
777,20.575,22.2,448.25
778,20.575,22.29,452.0
779,20.525,22.2675,452.666666666667
780,20.6,22.2,454.666666666667
781,20.6,22.254,453.2
782,20.56,22.29,447.6
783,20.6,22.29,447.666666666667
784,20.55,22.29,448.0
785,20.55,22.29,451.0
786,20.6,22.29,451.0
787,20.525,22.2675,451.0
788,20.525,22.29,449.75
789,20.52,22.29,453.0
790,20.5,22.2675,453.5
791,20.5,22.29,452.333333333333
792,20.525,22.29,452.0
793,20.6,22.26,450.666666666667
794,20.5,22.2,449.5
795,20.6,22.2225,449.75
796,20.56,22.2,449.0
797,20.6,22.2,451.333333333333
798,20.5666666666667,22.2,449.0
799,20.5666666666667,22.2,448.0
800,20.575,22.2,443.25
801,20.55,22.245,446.5
802,20.6,22.245,448.75
803,20.6,22.2225,451.0
804,20.6,22.2,451.5
805,20.5666666666667,22.2,455.0
806,20.6,22.2,451.6
807,20.6,22.2,452.666666666667
808,20.6,22.14,448.2
809,20.6,22.125,445.75
810,20.6,22.1,446.666666666667
811,20.6,22.1,446.333333333333
812,20.6,22.125,444.75
813,20.6,22.1,444.5
814,20.58,22.14,446.0
815,20.5666666666667,22.1333333333333,443.333333333333
816,20.6,22.1,447.0
817,20.5666666666667,22.1,446.0
818,20.6,22.15,445.25
819,20.575,22.125,442.0
820,20.575,22.1,443.0
821,20.6,22.1,443.0
822,20.6,22.1,446.333333333333
823,20.6,22.1333333333333,449.0
824,20.6,22.125,445.25
825,20.6,22.1,441.25
826,20.575,22.175,441.75
827,20.575,22.175,441.5
828,20.6,22.1333333333333,445.0
829,20.575,22.125,446.0
830,20.55,22.2,442.5
831,20.5666666666667,22.2,445.0
832,20.525,22.2,443.5
833,20.56,22.2,443.0
834,20.6,22.2,444.333333333333
835,20.5333333333333,22.2,443.666666666667
836,20.58,22.2,443.4
837,20.6,22.2,447.0
838,20.6,22.2,446.25
839,20.56,22.2,445.6
840,20.55,22.2,448.5
841,20.6,22.2,443.666666666667
842,20.58,22.2,444.4
843,20.6,22.2,444.333333333333
844,20.575,22.2,443.5
845,20.5666666666667,22.23,451.0
846,20.575,22.2675,444.5
847,20.6,22.2225,443.0
848,20.5333333333333,22.2,445.666666666667
849,20.56,22.2,447.8
850,20.6,22.2,445.0
851,20.575,22.2,442.5
852,20.525,22.245,446.75
853,20.525,22.2675,442.75
854,20.5,22.29,441.333333333333
855,20.525,22.29,443.75
856,20.5,22.29,441.25
857,20.5,22.29,440.25
858,20.5,22.29,441.5
859,20.5,22.29,439.333333333333
860,20.5,22.29,439.0
861,20.5,22.29,445.333333333333
862,20.5,22.29,443.5
863,20.5,22.29,439.8
864,20.5,22.29,438.25
865,20.5,22.29,443.0
866,20.5,22.29,440.75
867,20.5,22.29,438.2
868,20.5,22.29,441.333333333333
869,20.5,22.29,438.25
870,20.5,22.29,436.5
871,20.5,22.29,439.333333333333
872,20.5,22.29,439.75
873,20.5,22.29,439.75
874,20.5,22.29,441.166666666667
875,20.5,22.29,441.666666666667
876,20.5,22.29,438.5
877,20.5,22.29,439.75
878,20.5,22.29,438.2
879,20.5,22.29,438.666666666667
880,20.5,22.315,442.0
881,20.5,22.39,447.75
882,20.5,22.3566666666667,442.333333333333
883,20.5,22.365,442.25
884,20.5,22.39,445.75
885,20.5,22.365,441.5
886,20.5,22.39,437.25
887,20.5,22.39,439.0
888,20.5,22.29,436.5
889,20.5,22.3233333333333,432.5
890,20.5,22.315,427.5
891,20.5,22.315,437.5
892,20.5,22.3566666666667,436.666666666667
893,20.5,22.39,435.0
894,20.5,22.39,437.0
895,20.5,22.39,438.666666666667
896,20.5,22.39,440.5
897,20.5,22.34,442.75
898,20.5,22.37,438.0
899,20.5,22.39,436.25
900,20.4633333333333,22.3566666666667,441.333333333333
901,20.5,22.39,441.0
902,20.5,22.315,437.0
903,20.5,22.37,435.2
904,20.5,22.3566666666667,433.333333333333
905,20.5,22.39,435.0
906,20.5,22.34,433.8
907,20.5,22.39,435.333333333333
908,20.5,22.39,437.25
909,20.5,22.39,434.4
910,20.5,22.39,431.75
911,20.5,22.39,437.333333333333
912,20.5,22.39,439.666666666667
913,20.478,22.37,435.6
914,20.456,22.35,433.0
915,20.478,22.392,432.6
916,20.5,22.39,435.75
917,20.4266666666667,22.3233333333333,436.0
918,20.5,22.39,434.5
919,20.478,22.392,435.4
920,20.4266666666667,22.3233333333333,437.333333333333
921,20.4175,22.3925,430.75
922,20.456,22.414,439.2
923,20.4725,22.39,441.5
924,20.4633333333333,22.3933333333333,445.666666666667
925,20.5,22.39,443.25
926,20.4175,22.3425,438.25
927,20.4633333333333,22.4633333333333,437.0
928,20.478,22.478,429.8
929,20.5,22.456,431.2
930,20.5,22.412,435.8
931,20.4725,22.3925,435.75
932,20.445,22.34,434.25
933,20.5,22.434,434.6
934,20.5,22.39,434.0
935,20.5,22.39,433.5
936,20.5,22.39,434.666666666667
937,20.5,22.39,437.5
938,20.5,22.39,438.5
939,20.5,22.4266666666667,436.666666666667
940,20.5,22.445,431.166666666667
941,20.5,22.39,436.0
942,20.4725,22.3925,438.25
943,20.5,22.4633333333333,439.0
944,20.5,22.456,436.6
945,20.5,22.39,432.666666666667
946,20.5,22.39,433.25
947,20.4725,22.39,433.5
948,20.4725,22.4175,435.75
949,20.5,22.5,436.0
950,20.5,22.478,430.8
951,20.434,22.412,435.4
952,20.4175,22.34,433.5
953,20.39,22.39,429.75
954,20.39,22.39,430.0
955,20.39,22.39,433.0
956,20.39,22.39,436.25
957,20.39,22.39,433.5
958,20.39,22.5,434.25
959,20.39,22.4633333333333,430.333333333333
960,20.39,22.5,429.6
961,20.39,22.5,433.5
962,20.39,22.5,435.6
963,20.39,22.5,434.666666666667
964,20.39,22.5,432.333333333333
965,20.39,22.5,438.0
966,20.39,22.5,436.5
967,20.39,22.5,440.75
968,20.39,22.5,438.0
969,20.39,22.5,434.75
970,20.39,22.5,434.75
971,20.39,22.5,435.666666666667
972,20.39,22.5,434.0
973,20.35,22.5,429.2
974,20.39,22.5,431.5
975,20.39,22.5,430.0
976,20.39,22.5,434.0
977,20.39,22.5,434.25
978,20.39,22.5,432.4
979,20.39,22.4633333333333,434.333333333333
980,20.39,22.5,436.4
981,20.39,22.5,435.75
982,20.39,22.5,435.2
983,20.39,22.5,436.75
984,20.39,22.5,438.25
985,20.39,22.5,438.75
986,20.39,22.4725,437.5
987,20.39,22.4633333333333,439.333333333333
988,20.39,22.5,437.5
989,20.39,22.5,433.6
990,20.39,22.5,431.333333333333
991,20.39,22.5,434.8
992,20.39,22.4633333333333,433.333333333333
993,20.39,22.4725,433.8
994,20.39,22.5,436.5
995,20.39,22.5,434.0
996,20.39,22.4725,433.75
997,20.39,22.445,435.5
998,20.39,22.4266666666667,434.333333333333
999,20.39,22.5,431.75
1000,20.39,22.5,431.5
1001,20.39,22.5,432.5
1002,20.39,22.456,435.4
1003,20.39,22.5,436.666666666667
1004,20.39,22.5,432.6
1005,20.39,22.4633333333333,433.0
1006,20.39,22.445,431.5
1007,20.39,22.5,431.8
1008,20.39,22.5,439.666666666667
1009,20.39,22.5,436.666666666667
1010,20.39,22.5,439.0
1011,20.39,22.5,436.25
1012,20.39,22.5,435.8
1013,20.39,22.4266666666667,438.333333333333
1014,20.39,22.4725,436.0
1015,20.39,22.5,433.666666666667
1016,20.39,22.5,432.25
1017,20.39,22.5,433.5
1018,20.39,22.5,436.25
1019,20.39,22.5,435.0
1020,20.39,22.5,433.75
1021,20.39,22.5,440.666666666667
1022,20.39,22.5,441.2
1023,20.39,22.5,435.25
1024,20.39,22.5,437.25
1025,20.39,22.5,435.5
1026,20.39,22.5,439.75
1027,20.39,22.5,438.0
1028,20.39,22.5,435.25
1029,20.39,22.5,434.2
1030,20.39,22.5,435.0
1031,20.365,22.5,436.5
1032,20.39,22.5,434.0
1033,20.39,22.5,435.25
1034,20.39,22.5,432.75
1035,20.39,22.5,432.0
1036,20.39,22.5,432.0
1037,20.39,22.5,431.5
1038,20.39,22.5,435.0
1039,20.39,22.5,437.666666666667
1040,20.39,22.5,437.333333333333
1041,20.365,22.5,438.0
1042,20.365,22.5,434.25
1043,20.34,22.575,435.75
1044,20.315,22.6,433.25
1045,20.315,22.6,434.75
1046,20.3566666666667,22.6,439.0
1047,20.34,22.6,439.25
1048,20.365,22.575,438.5
1049,20.29,22.6,437.6
1050,20.29,22.6,434.5
1051,20.29,22.6,435.5
1052,20.3233333333333,22.6,436.0
1053,20.29,22.6,435.2
1054,20.3233333333333,22.6,433.666666666667
1055,20.29,22.6,434.25
1056,20.29,22.625,440.5
1057,20.29,22.6333333333333,440.666666666667
1058,20.29,22.675,438.0
1059,20.29,22.7,433.8
1060,20.29,22.7,435.0
1061,20.29,22.7,434.75
1062,20.29,22.7,437.333333333333
1063,20.29,22.7,439.5
1064,20.29,22.65,432.75
1065,20.29,22.6,435.0
1066,20.29,22.7,436.5
1067,20.29,22.675,434.666666666667
1068,20.29,22.7,436.0
1069,20.29,22.7,441.5
1070,20.29,22.7,436.0
1071,20.29,22.675,435.75
1072,20.29,22.65,431.0
1073,20.29,22.7,434.0
1074,20.29,22.7,436.0
1075,20.29,22.7,436.5
1076,20.29,22.7,436.5
1077,20.29,22.7,436.25
1078,20.29,22.7,437.666666666667
1079,20.29,22.7,432.25
1080,20.29,22.7,429.333333333333
1081,20.29,22.7,432.25
1082,20.272,22.68,437.0
1083,20.26,22.6666666666667,433.333333333333
1084,20.29,22.7,427.6
1085,20.29,22.7,436.0
1086,20.29,22.7,436.333333333333
1087,20.29,22.7,435.25
1088,20.29,22.7,436.25
1089,20.29,22.7,434.25
1090,20.29,22.7225,436.0
1091,20.2675,22.7,434.5
1092,20.26,22.76,435.666666666667
1093,20.29,22.7,433.0
1094,20.29,22.7,428.25
1095,20.29,22.7,434.2
1096,20.2675,22.675,437.0
1097,20.2675,22.72,433.666666666667
1098,20.29,22.76,434.0
1099,20.29,22.772,439.6
1100,20.29,22.79,435.666666666667
1101,20.29,22.7675,431.0
1102,20.29,22.76,433.333333333333
1103,20.29,22.7,434.5
1104,20.29,22.7,435.0
1105,20.29,22.7,437.75
1106,20.29,22.79,438.333333333333
1107,20.29,22.7225,438.0
1108,20.29,22.7,431.75
1109,20.29,22.7675,432.75
1110,20.29,22.7225,431.25
1111,20.29,22.7,437.25
1112,20.3233333333333,22.7,434.333333333333
1113,20.365,22.7,429.5
1114,20.39,22.7,430.0
1115,20.39,22.7,434.0
1116,20.39,22.7,437.75
1117,20.39,22.7,434.666666666667
1118,20.39,22.7,431.75
1119,20.39,22.65,437.5
1120,20.39,22.68,433.8
1121,20.39,22.7,435.8
1122,20.39,22.7,437.666666666667
1123,20.39,22.7,434.25
1124,20.39,22.675,433.0
1125,20.39,22.7,436.25
1126,20.37,22.7,436.8
1127,20.3233333333333,22.7,438.0
1128,20.29,22.7225,438.75
1129,20.29,22.745,439.5
1130,20.29,22.79,441.25
1131,20.29,22.79,432.0
1132,20.29,22.79,431.666666666667
1133,20.29,22.79,435.0
1134,20.29,22.79,435.75
1135,20.26,22.79,436.333333333333
1136,20.29,22.84,436.0
1137,20.2675,22.84,439.25
1138,20.245,22.815,435.0
1139,20.236,22.83,431.4
1140,20.29,22.89,435.333333333333
1141,20.2,22.79,439.666666666667
1142,20.218,22.81,431.4
1143,20.245,22.84,431.0
1144,20.2,22.79,431.75
1145,20.245,22.84,437.75
1146,20.2675,22.865,436.75
1147,20.2,22.79,432.0
1148,20.2225,22.815,433.25
1149,20.2,22.79,434.5
1150,20.2,22.79,436.5
1151,20.2225,22.815,438.25
1152,20.2,22.79,439.0
1153,20.2,22.815,441.2
1154,20.2225,22.8675,435.25
1155,20.2,22.89,433.75
1156,20.2,22.89,439.25
1157,20.2,22.89,442.0
1158,20.2,22.89,445.333333333333
1159,20.2,22.89,440.6
1160,20.2,22.89,440.666666666667
1161,20.236,22.83,440.2
1162,20.29,22.84,439.5
1163,20.29,22.79,441.666666666667
1164,20.29,22.79,440.5
1165,20.29,22.79,437.0
1166,20.29,22.79,439.0
1167,20.29,22.79,438.5
1168,20.29,22.79,438.5
1169,20.315,22.79,440.25
1170,20.3566666666667,22.7,445.0
1171,20.34,22.745,442.75
1172,20.34,22.7225,439.75
1173,20.315,22.7675,434.5
1174,20.315,22.7675,437.5
1175,20.29,22.79,440.0
1176,20.29,22.79,438.0
1177,20.29,22.79,441.6
1178,20.29,22.8566666666667,442.666666666667
1179,20.29,22.956,445.6
1180,20.29,23.0,453.0
1181,20.315,23.1,459.25
1182,20.29,23.2,470.4
1183,20.31,23.2,466.0
1184,20.31,23.2,470.8
1185,20.33,23.2,476.6
1186,20.39,23.2,473.0
1187,20.365,23.245,473.0
1188,20.39,23.34,479.75
1189,20.39,23.434,494.2
1190,20.39,23.5,498.75
1191,20.39,23.66,501.0
1192,20.39,23.7,507.0
1193,20.39,23.7,518.0
1194,20.445,23.8175,520.0
1195,20.5,23.89,523.666666666667
1196,20.5,23.978,525.2
1197,20.5,24.0333333333333,531.333333333333
1198,20.5,24.1,538.0
1199,20.5,24.1,536.4
1200,20.5,24.1,538.333333333333
1201,20.5,24.18,541.0
1202,20.52,24.236,549.6
1203,20.5,24.3233333333333,555.166666666667
1204,20.5,24.39,561.5
1205,20.5,24.39,569.0
1206,20.56,24.39,568.2
1207,20.55,24.39,572.0
1208,20.55,24.39,573.166666666667
1209,20.58,24.39,583.0
1210,20.6,24.39,585.0
1211,20.6666666666667,24.39,584.666666666667
1212,20.7,24.37,584.8
1213,20.7,24.39,591.4
1214,20.7,24.39,594.333333333333
1215,20.7,24.39,600.5
1216,20.736,24.39,601.4
1217,20.73,24.39,606.0
1218,20.7,24.5,608.75
1219,20.754,24.5,616.8
1220,20.79,24.5,624.2
1221,20.772,24.52,625.6
1222,20.7675,24.6,628.75
1223,20.754,24.66,635.2
1224,20.772,24.7,640.8
1225,20.79,24.7,642.4
1226,20.79,24.7,643.25
1227,20.79,24.736,643.6
1228,20.79,24.79,645.25
1229,20.775,24.79,652.666666666667
1230,20.79,24.79,658.0
1231,20.79,24.79,665.5
1232,20.79,24.79,666.333333333333
1233,20.79,24.79,666.5
1234,20.79,24.79,668.2
1235,20.79,24.79,668.0
1236,20.79,24.79,672.666666666667
1237,20.79,24.79,672.75
1238,20.79,24.79,679.2
1239,20.815,24.815,683.5
1240,20.79,24.79,688.5
1241,20.84,24.84,686.0
1242,20.79,24.79,689.75
1243,20.89,24.89,700.0
1244,20.83,24.83,697.6
1245,20.87,24.87,695.8
1246,20.89,24.8733333333333,697.333333333333
1247,20.89,24.89,701.25
1248,20.8733333333333,24.84,700.666666666667
1249,20.8733333333333,24.775,694.833333333333
1250,20.89,24.84,709.75
1251,20.89,24.8566666666667,715.0
1252,20.89,24.8233333333333,715.833333333333
1253,20.89,24.79,713.8
1254,20.9266666666667,24.79,709.0
1255,20.89,24.85,716.2
1256,20.89,24.89,716.166666666667
1257,20.89,24.945,725.0
1258,20.89,24.9175,725.0
1259,20.89,24.978,727.6
1260,20.89,25.0,729.4
1261,20.89,25.0,730.8
1262,20.89,25.0,731.2
1263,20.9175,25.0,736.25
1264,20.978,25.0,741.0
1265,21.0,24.9633333333333,742.333333333333
1266,21.0,24.912,742.4
1267,21.025,24.89,746.75
1268,21.075,24.89,745.0
1269,21.1,24.89,742.0
1270,21.1,24.89,740.8
1271,21.1333333333333,24.8233333333333,747.333333333333
1272,21.1666666666667,24.8583333333333,745.5
1273,21.2,25.1633333333333,752.666666666667
1274,21.175,25.0404166666667,751.5
1275,21.15,24.9175,750.333333333333
1276,21.1833333333333,25.1983333333333,754.333333333333
1277,21.2,25.34,765.75
1278,21.2,25.3925,782.0
1279,21.23,25.445,786.666666666667
1280,21.254,25.578,792.0
1281,21.2,25.7633333333333,800.333333333333
1282,21.2,25.89,804.333333333333
1283,21.2,26.05,815.2
1284,21.2,26.1,829.75
1285,21.2,26.1571428571429,837.166666666667
1286,21.2,26.245,849.0
1287,21.2,26.29,853.5
1288,21.218,26.31,863.4
1289,21.236,26.412,864.4
1290,21.23,26.4983333333333,871.833333333333
1291,21.2225,26.525,872.25
1292,21.245,26.5833333333333,876.666666666667
1293,21.26,26.5666666666667,890.333333333333
1294,21.29,26.6833333333333,895.166666666667
1295,21.29,26.76,901.0
1296,21.29,26.79,910.25
1297,21.315,26.7675,918.5
1298,21.3066666666667,26.79,923.166666666667
1299,21.31,26.79,926.75
1300,21.3566666666667,26.79,925.5
1301,21.31,26.83,927.6
1302,21.29,26.89,935.0
1303,21.35,26.934,932.0
1304,21.34,26.945,935.75
1305,21.315,27.0,946.75
1306,21.39,27.0,952.0
1307,21.39,27.1,959.333333333333
1308,21.39,27.08,967.0
1309,21.39,27.1,969.0
1310,21.4175,27.22,982.5
1311,21.4266666666667,27.23,983.0
1312,21.412,27.272,985.4
1313,21.456,27.33,996.2
1314,21.4816666666667,27.3566666666667,1004.5
1315,21.5,27.312,1004.4
1316,21.5,27.315,1009.25
1317,21.54,27.718,1019.0
1318,21.55,27.5,1034.25
1319,21.6,27.4633333333333,1035.33333333333
1320,21.6,27.4633333333333,1031.0
1321,21.6,27.4725,1028.25
1322,21.6,27.456,1030.0
1323,21.6,27.5,1032.25
1324,21.6,27.6,1033.5
1325,21.6,27.54,1045.0
1326,21.6,27.525,1040.25
1327,21.6,27.5666666666667,1044.0
1328,21.625,27.625,1041.25
1329,21.64,27.716,1045.8
1330,21.66,27.83,1054.2
1331,21.6833333333333,27.84,1054.8
1332,21.65,27.84,1069.8
1333,21.7,27.84,1073.66666666667
1334,21.7,27.912,1073.4
1335,21.7,28.0725,1076.75
1336,21.7,27.9675,1086.75
1337,21.7,27.8933333333333,1086.66666666667
1338,21.7,27.945,1078.83333333333
1339,21.7,27.912,1077.6
1340,21.7,27.9725,1080.5
1341,21.7,27.9175,1088.75
1342,21.7,27.89,1083.66666666667
1343,21.7,27.8566666666667,1076.16666666667
1344,21.7,27.934,1079.4
1345,21.7,28.1,1088.0
1346,21.7,27.9083333333333,1092.5
1347,21.7,27.9616666666667,1094.66666666667
1348,21.718,27.974,1091.4
1349,21.7,28.1,1101.66666666667
1350,21.79,28.0666666666667,1111.0
1351,21.718,28.1,1119.4
1352,21.76,28.0833333333333,1122.5
1353,21.7675,28.125,1127.5
1354,21.73,28.1333333333333,1131.0
1355,21.775,28.05,1127.83333333333
1356,21.7771428571429,28.0857142857143,1128.85714285714
1357,21.79,28.125,1123.5
1358,21.79,28.158,1127.8
1359,21.79,28.26,1148.66666666667
1360,21.84,28.1,1151.5
1361,21.8233333333333,28.1333333333333,1142.33333333333
1362,21.87,28.252,1142.0
1363,21.89,28.1833333333333,1146.0
1364,21.89,28.254,1142.2
1365,21.89,28.29,1159.8
1366,21.89,28.31,1168.0
1367,21.89,28.3757142857143,1181.14285714286
1368,21.89,28.39,1180.0
1369,21.89,28.3757142857143,1183.71428571429
1370,21.89,28.3066666666667,1189.66666666667
1371,21.89,28.315,1190.0
1372,21.89,28.31,1178.8
1373,21.89,28.365,1173.0
1374,21.912,28.37,1170.6
1375,21.89,28.39,1178.6
1376,21.89,28.445,1193.5
1377,21.89,28.445,1201.5
1378,21.89,28.5,1189.66666666667
1379,21.89,28.33,1190.4
1380,21.9083333333333,28.3083333333333,1172.66666666667
1381,21.945,28.29,1177.75
1382,21.934,28.29,1184.8
1383,22.0,28.29,1188.25
1384,21.9816666666667,28.29,1189.5
1385,21.945,28.29,1191.5
1386,21.978,28.29,1193.0
1387,22.0,28.29,1190.0
1388,22.0,28.29,1198.5
1389,22.0,28.2,1198.0
1390,22.0,28.218,1194.2
1391,22.0,28.2225,1185.0
1392,22.0,28.2675,1194.0
1393,22.025,28.2575,1193.125
1394,22.06,28.274,1190.4
1395,22.05,28.34,1192.25
1396,22.1,28.39,1200.5
1397,22.08,28.37,1198.6
1398,22.1,28.39,1197.0
1399,22.1,28.365,1197.5
1400,22.06,28.35,1203.0
1401,22.1,28.39,1206.5
1402,22.0833333333333,28.3583333333333,1207.16666666667
1403,22.1,28.39,1213.0
1404,22.1,28.3566666666667,1211.5
1405,22.1,28.372,1208.2
1406,22.1,28.2,1209.25
1407,22.1,28.2,1201.66666666667
1408,22.15,28.1,1189.75
1409,22.1,28.2,1191.0
1410,22.1166666666667,28.0666666666667,1192.16666666667
1411,22.1666666666667,28.0,1184.33333333333
1412,22.18,28.06,1176.4
1413,22.1333333333333,28.0,1175.66666666667
1414,22.16,27.956,1173.8
1415,22.2,27.9175,1170.75
1416,22.175,27.945,1170.25
1417,22.1833333333333,27.8066666666667,1168.0
1418,22.2,27.8233333333333,1160.83333333333
1419,22.2,27.79,1161.0
1420,22.2,27.79,1166.0
1421,22.2,27.772,1164.4
1422,22.2,27.7225,1157.75
1423,22.2,27.772,1148.6
1424,22.2,27.7225,1153.75
1425,22.2,27.7,1152.4
1426,22.175,27.7,1147.25
1427,22.2,27.7,1147.5
1428,22.2,27.7,1144.0
1429,22.2,27.6428571428571,1137.85714285714
1430,22.2,27.7,1133.0
1431,22.2,27.6,1121.2
1432,22.2,27.5166666666667,1110.83333333333
1433,22.2,27.5,1093.25
1434,22.2,27.54,1093.2
1435,22.2,27.5666666666667,1102.5
1436,22.2,27.52,1104.4
1437,22.2,27.58,1101.75
1438,22.2,27.6,1098.75
1439,22.2,27.56,1092.4
1440,22.2,27.5,1094.0
1441,22.254,27.56,1092.4
1442,22.2225,27.575,1081.66666666667
1443,22.245,27.5833333333333,1077.0
1444,22.254,27.54,1074.4
1445,22.29,27.55,1072.25
1446,22.29,27.5,1070.4
1447,22.272,27.5,1071.0
1448,22.29,27.4816666666667,1078.16666666667
1449,22.29,27.5,1071.75
1450,22.29,27.445,1066.83333333333
1451,22.29,27.456,1068.4
1452,22.29,27.37,1064.2
1453,22.29,27.3566666666667,1060.33333333333
1454,22.3066666666667,27.39,1061.5
1455,22.33,27.37,1057.0
1456,22.35,27.33,1057.8
1457,22.39,27.29,1065.0
1458,22.39,27.29,1064.2
1459,22.39,27.254,1061.8
1460,22.39,27.29,1064.0
1461,22.39,27.2675,1065.25
1462,22.39,27.2,1050.5
1463,22.39,27.14,1045.2
1464,22.434,27.04,1049.6
1465,22.4266666666667,27.0333333333333,1041.33333333333
1466,22.4266666666667,27.0333333333333,1038.0
1467,22.4266666666667,26.9816666666667,1035.16666666667
1468,22.5,27.0,1040.0
1469,22.5,27.0,1036.25
1470,22.5,26.9633333333333,1033.25
1471,22.5,26.89,1037.0
1472,22.58,26.81,1031.2
1473,22.575,26.79,1033.0
1474,22.6,26.79,1032.25
1475,22.6,26.79,1030.16666666667
1476,22.6,26.7225,1033.0
1477,22.6666666666667,26.7133333333333,1030.33333333333
1478,22.675,26.675,1028.5
1479,22.7,26.7,1020.4
1480,22.7,26.6833333333333,1023.66666666667
1481,22.7225,26.6,1021.25
1482,22.745,26.6,1014.75
1483,22.745,26.55,1017.0
1484,22.79,26.5166666666667,1014.16666666667
1485,22.79,26.6,1022.5
1486,22.79,26.525,1027.25
1487,22.84,26.5,1022.0
1488,22.87,26.456,1019.0
1489,22.89,26.445,1020.75
1490,22.89,26.39,1015.5
1491,22.9083333333333,26.39,1016.0
1492,22.956,26.39,1011.0
1493,22.9633333333333,26.29,1018.66666666667
1494,23.0,26.29,1006.33333333333
1495,22.956,26.236,1008.2
1496,23.0,26.2,1009.33333333333
1497,23.0,26.2,1006.16666666667
1498,23.02,26.16,1004.4
1499,23.025,26.125,999.75
1500,23.05,26.0833333333333,994.166666666667
1501,23.1,26.0,992.5
1502,23.1,26.0,995.666666666667
1503,23.1,26.0,994.0
1504,23.14,26.0,990.2
1505,23.18,26.0,993.4
1506,23.2,26.0,998.5
1507,23.2,26.0,997.25
1508,23.2,25.945,992.5
1509,23.2225,25.9175,996.5
1510,23.2225,25.815,993.75
1511,23.26,25.8566666666667,997.333333333333
1512,23.29,25.9783333333333,996.5
1513,23.272,25.87,998.6
1514,23.29,25.89,993.4
1515,23.2675,25.865,994.25
1516,23.29,25.89,990.166666666667
1517,23.245,25.825,984.0
1518,23.254,25.85,983.6
1519,23.26,25.7933333333333,983.333333333333
1520,23.272,25.772,974.6
1521,23.245,25.715,961.0
1522,23.29,25.7225,954.25
1523,23.245,25.7,951.5
1524,23.215,25.6833333333333,952.5
1525,23.215,25.6833333333333,946.333333333333
1526,23.2,25.6,942.0
1527,23.2,25.6,933.2
1528,23.2,25.58,928.8
1529,23.2,25.55,924.0
1530,23.2,25.55,918.0
1531,23.2,25.5,912.75
1532,23.2,25.5,907.0
1533,23.1857142857143,25.5285714285714,899.285714285714
1534,23.2,25.7,917.25
1535,23.2,25.792,919.8
1536,23.2,25.65,938.25
1537,23.2,25.5333333333333,922.166666666667
1538,23.2,25.5,899.0
1539,23.2,25.5166666666667,895.333333333333
1540,23.2,25.7225,899.75
1541,23.2,25.54,894.4
1542,23.1833333333333,25.5166666666667,880.333333333333
1543,23.15,25.5,879.75
1544,23.2,25.5,870.5
1545,23.2,25.5,866.2
1546,23.18,25.5,866.4
1547,23.2,25.525,869.75
1548,23.2,25.58,874.2
1549,23.175,25.6,877.5
1550,23.1833333333333,25.7,879.0
1551,23.2,25.68,875.5
1552,23.2,25.7,881.333333333333
1553,23.218,25.7,882.4
1554,23.23,25.715,883.0
1555,23.254,25.68,884.5
1556,23.2675,25.7225,888.25
1557,23.272,25.772,889.4
1558,23.29,25.79,895.0
1559,23.29,25.79,894.4
1560,23.29,25.79,898.25
1561,23.29,25.79,898.0
1562,23.29,25.79,898.8
1563,23.29,25.79,901.0
1564,23.29,25.79,900.142857142857
1565,23.29,25.7675,898.25
1566,23.29,25.754,895.6
1567,23.29,25.7933333333333,892.333333333333
1568,23.29,26.16,911.166666666667
1569,23.29,25.89,912.0
1570,23.29,25.89,913.0
1571,23.29,26.0591666666667,921.4
1572,23.29,26.2283333333333,929.8
1573,23.29,26.456,951.8
1574,23.29,26.575,956.75
1575,23.29,26.62,968.0
1576,23.29,26.754,966.0
1577,23.29,26.79,971.8
1578,23.29,26.87,983.0
1579,23.33,26.956,993.6
1580,23.29,27.0,999.6
1581,23.35,27.08,1005.4
1582,23.315,27.1,1013.75
1583,23.29,27.14,1019.8
1584,23.29,27.26,1023.0
1585,23.29,27.4083333333333,1027.5
1586,23.29,27.4175,1038.5
1587,23.29,27.5,1049.0
1588,23.29,27.5,1051.8
1589,23.3185714285714,27.5857142857143,1056.0
1590,23.29,27.65,1054.5
1591,23.29,27.772,1066.6
1592,23.29,27.7,1074.0
1593,23.29,27.79,1068.25
1594,23.33,27.874,1075.6
1595,23.29,27.9175,1085.25
1596,23.29,27.9633333333333,1096.33333333333
1597,23.3042857142857,28.0142857142857,1099.14285714286
1598,23.3233333333333,28.1,1108.83333333333
1599,23.29,28.1,1117.0
1600,23.29,28.236,1116.0
1601,23.29,28.35,1120.2
1602,23.29,28.39,1120.6
1603,23.29,28.5333333333333,1129.33333333333
1604,23.29,28.575,1132.25
1605,23.29,28.6,1132.5
1606,23.29,28.6833333333333,1142.83333333333
1607,23.29,28.772,1152.0
1608,23.29,28.79,1156.75
1609,23.29,28.89,1159.33333333333
1610,23.254,28.912,1160.8
1611,23.245,28.92,1160.0
1612,23.236,28.978,1167.0
1613,23.2,29.05,1171.0
1614,23.2225,29.15,1175.5
1615,23.2,29.2,1181.0
1616,23.2,29.2,1192.0
1617,23.2,29.2,1197.75
1618,23.2,29.254,1198.2
1619,23.2,29.33,1196.5
1620,23.2,29.3566666666667,1203.25
1621,23.14,29.456,1209.0
1622,23.125,29.4725,1212.25
1623,23.1,29.5,1219.6
1624,23.1,29.55,1218.75
1625,23.1,29.6,1221.6
1626,23.1,29.62,1219.8
1627,23.1,29.7,1224.66666666667
1628,23.1,29.745,1233.75
1629,23.1,29.84,1235.75
1630,23.1,29.84,1239.5
1631,23.0857142857143,29.89,1245.0
1632,23.0666666666667,29.8566666666667,1247.25
1633,23.025,29.9175,1246.0
1634,23.0166666666667,29.9633333333333,1245.16666666667
1635,23.0,30.0,1254.6
1636,23.0,30.0,1261.2
1637,23.0,30.0,1261.0
1638,23.0,30.0166666666667,1263.66666666667
1639,23.0,30.06,1270.2
1640,23.0,30.075,1273.25
1641,23.0,30.12,1280.2
1642,23.0,30.15,1284.5
1643,23.0,30.23,1285.16666666667
1644,23.0,30.29,1290.66666666667
1645,22.9685714285714,30.3042857142857,1294.57142857143
1646,22.9175,30.29,1294.0
1647,22.912,30.29,1301.0
1648,22.9083333333333,30.3066666666667,1313.16666666667
1649,22.89,30.34,1312.75
1650,22.945,30.39,1311.5
1651,22.9266666666667,30.3733333333333,1317.6
1652,22.9633333333333,30.39,1327.5
1653,22.9371428571429,30.3914285714286,1330.28571428571
1654,22.934,30.456,1330.0
1655,22.9175,30.5,1328.75
1656,22.9371428571429,30.4057142857143,1330.0
1657,22.956,30.412,1321.8
1658,22.89,30.445,1321.5
1659,22.934,30.6,1331.6
1660,22.9083333333333,30.6,1336.83333333333
1661,22.89,30.68,1340.0
1662,22.945,30.7,1350.75
1663,22.89,30.675,1356.0
1664,22.89,30.675,1351.75
1665,22.89,30.745,1360.16666666667
1666,22.89,30.79,1364.2
1667,22.89,30.754,1363.2
1668,22.89,30.79,1363.16666666667
1669,22.89,30.79,1367.0
1670,22.89,30.79,1368.5
1671,22.912,30.79,1365.8
1672,22.89,30.89,1361.6
1673,22.89,30.865,1372.0
1674,22.89,30.89,1385.25
1675,22.89,30.89,1386.4
1676,22.89,30.89,1393.16666666667
1677,22.89,30.85,1393.0
1678,22.89,30.79,1389.0
1679,22.89,30.79,1385.2
1680,22.89,30.8566666666667,1377.33333333333
1681,22.89,30.8566666666667,1383.83333333333
1682,22.89,30.83,1388.6
1683,22.89,30.865,1377.5
1684,22.89,30.89,1374.0
1685,22.89,30.89,1377.6
1686,22.89,30.89,1373.0
1687,22.865,30.84,1372.25
1688,22.89,30.89,1376.0
1689,22.84,30.84,1361.75
1690,22.79,30.81,1356.6
1691,22.79,30.84,1363.0
1692,22.79,30.83,1363.8
1693,22.79,30.89,1363.5
1694,22.79,30.89,1369.33333333333
1695,22.79,30.9175,1366.25
1696,22.79,30.89,1372.57142857143
1697,22.79,30.89,1361.66666666667
1698,22.79,30.89,1367.25
1699,22.79,30.89,1359.0
1700,22.79,30.934,1363.8
1701,22.79,30.89,1353.75
1702,22.79,31.0,1356.33333333333
1703,22.79,31.0,1363.8
1704,22.772,31.02,1364.0
1705,22.79,31.05,1373.33333333333
1706,22.7675,31.125,1374.25
1707,22.79,31.0833333333333,1369.0
1708,22.79,31.075,1360.75
1709,22.79,31.1142857142857,1359.5
1710,22.745,31.15,1366.33333333333
1711,22.772,31.2,1377.0
1712,22.79,31.2,1379.5
1713,22.745,31.2,1379.25
1714,22.7225,31.2,1381.5
1715,22.745,31.29,1381.0
1716,22.73,31.1666666666667,1374.0
1717,22.73,31.2133333333333,1372.5
1718,22.7,31.1,1369.75
1719,22.7,31.12,1368.6
1720,22.715,31.2,1368.33333333333
1721,22.7,31.1666666666667,1365.33333333333
1722,22.715,31.2,1370.5
1723,22.715,31.2,1366.33333333333
1724,22.7,31.2,1373.5
1725,22.745,31.2225,1378.5
1726,22.7,31.272,1377.16666666667
1727,22.7,31.245,1401.16666666667
1728,22.7,31.2675,1395.33333333333
1729,22.7,31.29,1401.0
1730,22.7,31.29,1400.5
1731,22.7,31.29,1394.0
1732,22.7,31.29,1394.6
1733,22.7,31.29,1389.66666666667
1734,22.7,31.29,1377.2
1735,22.7,31.29,1387.0
1736,22.7,31.3757142857143,1393.42857142857
1737,22.7,31.39,1393.75
1738,22.7,31.39,1392.6
1739,22.7,31.37,1394.2
1740,22.7,31.4175,1396.25
1741,22.7,31.39,1390.5
1742,22.7225,31.365,1397.5
1743,22.7,31.4175,1398.25
1744,22.7,31.4725,1402.25
1745,22.7,31.3785714285714,1398.0
1746,22.7,31.29,1384.25
1747,22.7,31.29,1387.33333333333
1748,22.7,31.29,1392.5
1749,22.7,31.236,1384.8
1750,22.7225,31.315,1388.0
1751,22.7,31.27,1384.6
1752,22.7,31.275,1373.33333333333
1753,22.7,31.18,1368.8
1754,22.7,31.2,1364.0
1755,22.7,31.15,1357.5
1756,22.7,31.2,1352.0
1757,22.7,31.2,1357.0
1758,22.7,31.1,1361.75
1759,22.7,31.1,1356.0
1760,22.7,31.1,1344.25
1761,22.7,31.05,1357.75
1762,22.7,31.1,1355.75
1763,22.7,31.1,1354.66666666667
1764,22.7,31.0166666666667,1343.33333333333
1765,22.7,31.05,1334.16666666667
1766,22.7225,30.9725,1340.25
1767,22.736,30.934,1336.8
1768,22.7675,31.0,1335.75
1769,22.73,31.0,1342.33333333333
1770,22.718,31.0,1348.8
1771,22.7,31.0,1353.25
1772,22.7,30.912,1339.0
1773,22.7,30.945,1338.25
1774,22.7,30.956,1347.6
1775,22.7,30.9725,1338.75
1776,22.7,30.89,1318.0
1777,22.7,30.8733333333333,1311.16666666667
1778,22.66,30.83,1306.5
1779,22.68,30.87,1316.66666666667
1780,22.7,30.89,1306.33333333333
1781,22.7,30.79,1300.5
1782,22.675,30.7225,1298.66666666667
1783,22.675,30.745,1298.2
1784,22.7,30.7675,1292.5
1785,22.675,30.7225,1288.5
1786,22.7,30.7,1299.66666666667
1787,22.65,30.65,1285.33333333333
1788,22.7,30.675,1286.0
1789,22.6,30.5833333333333,1284.33333333333
1790,22.6,30.575,1275.25
1791,22.6,30.6,1273.8
1792,22.6,30.6,1271.8
1793,22.6,30.55,1273.33333333333
1794,22.6,30.58,1261.75
1795,22.6,30.5666666666667,1258.5
1796,22.6,30.4725,1251.5
1797,22.6,30.445,1241.33333333333
1798,22.6,30.4725,1238.75
1799,22.6,30.37,1246.8
1800,22.6,30.315,1240.75
1801,22.6,30.365,1240.25
1802,22.6,30.275,1239.0
1803,22.6,30.245,1235.25
1804,22.6,30.254,1229.8
1805,22.6,30.18,1220.6
1806,22.6,30.1666666666667,1214.16666666667
1807,22.6,30.1,1214.0
1808,22.6,30.14,1217.8
1809,22.6,30.1,1211.8
1810,22.6,30.1,1217.2
1811,22.6,30.1,1211.5
1812,22.6,30.1816666666667,1207.33333333333
1813,22.6,30.1,1204.75
1814,22.6,30.1225,1205.25
1815,22.575,30.05,1204.75
1816,22.5,30.1,1196.66666666667
1817,22.5,30.1,1191.5
1818,22.5,30.1,1184.0
1819,22.445,30.1,1189.25
1820,22.39,30.075,1186.5
1821,22.39,30.1,1180.75
1822,22.39,30.05,1172.5
1823,22.365,30.075,1164.0
1824,22.3566666666667,30.1,1160.66666666667
1825,22.29,30.0,1143.25
1826,22.2675,29.945,1139.5
1827,22.245,29.9725,1138.25
1828,22.2,29.815,1135.5
1829,22.2,29.84,1124.75
1830,22.2,29.8566666666667,1119.33333333333
1831,22.125,29.79,1110.25
1832,22.1,29.79,1105.5
1833,22.1,29.745,1096.75
1834,22.1,29.7,1092.25
1835,22.1,29.6,1092.5
1836,22.025,29.525,1085.75
1837,22.0,29.4633333333333,1074.33333333333
1838,22.0,29.39,1066.0
1839,22.0,29.39,1058.5
1840,21.9175,29.29,1050.75
1841,21.89,29.2675,1044.0
1842,21.9633333333333,29.2,1039.0
1843,21.89,29.2,1030.5
1844,21.89,29.2,1030.8
1845,21.89,29.2,1032.33333333333
1846,21.89,29.16,1021.2
1847,21.89,29.2,1018.66666666667
1848,21.89,29.2,1008.75
1849,21.79,29.0,1003.25
1850,21.81,29.0,989.8
1851,21.815,29.0,992.0
1852,21.79,28.9725,985.75
1853,21.79,28.89,989.0
1854,21.7225,28.89,983.0
1855,21.7,28.89,976.75
1856,21.7,28.89,970.333333333333
1857,21.7,28.865,961.75
1858,21.7,28.865,958.75
1859,21.7,28.89,954.666666666667
1860,21.7,28.79,950.5
1861,21.7,28.815,942.75
1862,21.675,28.79,938.25
1863,21.675,28.7675,941.0
1864,21.6333333333333,28.73,944.333333333333
1865,21.6,28.65,938.0
1866,21.6,28.675,934.5
1867,21.6,28.6333333333333,936.666666666667
1868,21.6,28.6,926.0
1869,21.6,28.6,920.75
1870,21.6,28.56,920.2
1871,21.6,28.5,911.333333333333
1872,21.6,28.5,905.333333333333
1873,21.6,28.5,904.2
1874,21.6,28.5,899.666666666667
1875,21.6,28.478,898.2
1876,21.6,28.4725,898.25
1877,21.6,28.39,895.0
1878,21.6,28.39,891.666666666667
1879,21.58,28.35,887.4
1880,21.6,28.29,885.333333333333
1881,21.56,28.29,876.4
1882,21.5333333333333,28.29,871.333333333333
1883,21.5,28.29,863.5
1884,21.5,28.2675,865.25
1885,21.5,28.23,859.666666666667
1886,21.5,28.26,858.666666666667
1887,21.5,28.2,852.25
1888,21.5,28.175,849.25
1889,21.5,28.1,849.0
1890,21.5,28.1,845.0
1891,21.5,28.1,844.5
1892,21.5,28.05,843.75
1893,21.5,28.075,842.0
1894,21.5,28.1,833.2
1895,21.5,28.0333333333333,832.666666666667
1896,21.4175,27.945,825.25
1897,21.39,27.89,820.333333333333
1898,21.4175,27.9175,824.5
1899,21.39,27.89,819.25
1900,21.39,27.89,820.2
1901,21.39,27.89,817.666666666667
1902,21.365,27.89,808.0
1903,21.39,27.79,806.666666666667
1904,21.39,27.8566666666667,804.666666666667
1905,21.29,27.85,803.8
1906,21.29,27.79,806.0
1907,21.29,27.79,801.5
1908,21.34,27.79,802.0
1909,21.29,27.79,803.666666666667
1910,21.29,27.79,800.0
1911,21.29,27.79,795.0
1912,21.29,27.79,785.0
1913,21.29,27.79,781.0
1914,21.29,27.79,782.0
1915,21.29,27.7675,778.0
1916,21.29,27.79,772.5
1917,21.245,27.745,770.75
1918,21.218,27.718,769.0
1919,21.23,27.7,767.0
1920,21.2,27.7,764.0
1921,21.2,27.7,765.25
1922,21.2,27.65,765.0
1923,21.2,27.6,766.0
1924,21.2,27.6,758.5
1925,21.2,27.575,749.75
1926,21.2,27.6,749.0
1927,21.2,27.54,747.8
1928,21.2,27.5,744.0
1929,21.2,27.5,746.4
1930,21.2,27.4725,750.5
1931,21.2,27.5,747.0
1932,21.2,27.4725,750.0
1933,21.2,27.365,742.75
1934,21.2,27.34,737.75
1935,21.2,27.34,736.25
1936,21.2,27.29,738.25
1937,21.2,27.29,732.333333333333
1938,21.2,27.29,725.4
1939,21.2,27.2675,729.25
1940,21.2,27.245,727.0
1941,21.2,27.245,716.75
1942,21.2,27.2,715.666666666667
1943,21.2,27.2,712.25
1944,21.2,27.2,719.0
1945,21.2,27.15,714.25
1946,21.2,27.14,711.4
1947,21.2,27.1,702.75
1948,21.2,27.1,701.0
1949,21.2,27.1,703.666666666667
1950,21.2,27.025,707.25
1951,21.2,27.0,703.75
1952,21.2,27.0,699.5
1953,21.2,27.0,697.5
1954,21.2,27.0,696.666666666667
1955,21.2,27.0,692.75
1956,21.2,27.0,692.6
1957,21.2,26.8566666666667,695.333333333333
1958,21.2,26.89,690.5
1959,21.2,26.89,689.5
1960,21.2,26.89,692.333333333333
1961,21.2,26.815,691.5
1962,21.2,26.79,687.6
1963,21.1666666666667,26.79,682.333333333333
1964,21.2,26.79,677.666666666667
1965,21.16,26.79,677.8
1966,21.2,26.79,684.333333333333
1967,21.15,26.79,682.5
1968,21.175,26.79,675.0
1969,21.125,26.79,669.25
1970,21.2,26.745,668.5
1971,21.15,26.7,671.25
1972,21.1,26.7,674.333333333333
1973,21.125,26.675,673.0
1974,21.125,26.6,671.5
1975,21.125,26.625,670.5
1976,21.1,26.625,669.75
1977,21.1,26.6,663.5
1978,21.1,26.6,665.0
1979,21.1,26.6,661.5
1980,21.1,26.6,657.75
1981,21.1,26.6,652.75
1982,21.1,26.6,653.25
1983,21.1,26.6,656.75
1984,21.1,26.6,651.0
1985,21.1,26.575,648.5
1986,21.1,26.55,652.25
1987,21.1,26.5,642.25
1988,21.1,26.5,643.75
1989,21.075,26.4725,649.666666666667
1990,21.1,26.5,649.5
1991,21.06,26.412,646.6
1992,21.0666666666667,26.4633333333333,643.0
1993,21.08,26.478,640.4
1994,21.075,26.39,640.75
1995,21.075,26.4175,636.75
1996,21.05,26.39,634.75
1997,21.075,26.4175,633.75
1998,21.0,26.29,632.0
1999,21.0,26.29,626.5
2000,21.0333333333333,26.3233333333333,628.666666666667
2001,21.025,26.315,629.5
2002,21.05,26.34,630.5
2003,21.025,26.315,631.5
2004,21.025,26.315,629.5
2005,21.05,26.29,627.0
2006,21.0,26.2675,624.5
2007,21.0,26.26,625.666666666667
2008,21.0,26.29,624.5
2009,21.0,26.236,622.0
2010,21.0,26.2675,622.75
2011,21.0,26.2,619.25
2012,21.0,26.2,616.0
2013,21.0,26.2,617.25
2014,21.0,26.2,616.4
2015,21.0,26.1666666666667,616.666666666667
2016,21.0,26.125,614.75
2017,21.0,26.125,611.333333333333
2018,21.0,26.1,613.6
2019,21.0,26.15,608.75
2020,21.0,26.1,611.0
2021,21.0,26.1,612.0
2022,21.0,26.1,608.8
2023,21.0,26.1,612.0
2024,21.0,26.1,604.5
2025,21.0,26.0,607.0
2026,21.0,26.0,614.75
2027,21.0,26.0,612.25
2028,21.0,26.0,607.5
2029,21.0,26.0,602.666666666667
2030,21.0,26.0,605.25
2031,21.0,26.0,606.0
2032,21.0,26.0,602.25
2033,21.0,25.956,600.5
2034,21.0,26.0,600.5
2035,21.0,26.0,601.0
2036,21.0,25.934,600.4
2037,21.0,25.89,604.333333333333
2038,21.0,25.89,606.0
2039,20.9633333333333,25.89,602.0
2040,21.0,25.89,596.0
2041,21.0,25.89,596.333333333333
2042,21.0,25.89,594.0
2043,20.945,25.89,596.5
2044,20.9633333333333,25.89,596.0
2045,20.9725,25.815,597.5
2046,21.0,25.815,594.25
2047,21.0,25.815,591.5
2048,20.978,25.83,594.2
2049,20.9633333333333,25.79,588.666666666667
2050,20.9266666666667,25.79,585.333333333333
2051,20.945,25.79,585.0
2052,20.945,25.79,582.25
2053,20.89,25.79,580.75
2054,20.9175,25.745,585.0
2055,20.89,25.7225,584.5
2056,20.9633333333333,25.7,583.333333333333
2057,20.89,25.7,584.0
2058,20.912,25.7,581.8
2059,20.89,25.7,576.666666666667
2060,20.89,25.7,579.333333333333
2061,20.89,25.7,581.75
2062,20.89,25.7,582.75
2063,20.89,25.7,579.8
2064,20.9175,25.7,578.5
2065,20.89,25.7,578.5
2066,20.89,25.7,580.5
2067,20.89,25.7,577.8
2068,20.89,25.7,582.75
2069,20.89,25.7,584.4
2070,20.89,25.6,582.666666666667
2071,20.865,25.575,578.25
2072,20.89,25.6,575.666666666667
2073,20.89,25.6,577.25
2074,20.87,25.58,577.2
2075,20.89,25.6,572.75
2076,20.89,25.6,576.5
2077,20.89,25.525,579.333333333333
2078,20.89,25.525,571.6
2079,20.89,25.5,573.0
2080,20.89,25.5,573.5
2081,20.89,25.5,572.75
2082,20.89,25.5,573.6
2083,20.89,25.5,571.5
2084,20.8566666666667,25.4633333333333,573.333333333333
2085,20.89,25.4725,570.75
2086,20.89,25.39,568.0
2087,20.89,25.4175,573.0
2088,20.89,25.39,569.666666666667
2089,20.89,25.39,575.2
2090,20.89,25.39,578.0
2091,20.89,25.39,572.75
2092,20.89,25.39,569.6
2093,20.8566666666667,25.3566666666667,566.333333333333
2094,20.8566666666667,25.3566666666667,567.333333333333
2095,20.865,25.365,570.25
2096,20.89,25.39,575.0
2097,20.89,25.37,570.2
2098,20.89,25.3566666666667,565.333333333333
2099,20.89,25.29,569.25
2100,20.89,25.315,567.25
2101,20.89,25.29,567.5
2102,20.865,25.2675,566.0
2103,20.89,25.29,565.75
2104,20.89,25.2675,564.5
2105,20.89,25.218,562.6
2106,20.89,25.29,561.333333333333
2107,20.89,25.29,561.0
2108,20.89,25.29,566.75
2109,20.9175,25.245,563.75
2110,20.89,25.2,566.75
2111,20.89,25.218,563.4
2112,20.89,25.2,564.25
2113,20.89,25.2225,562.75
2114,20.9175,25.2,560.0
2115,20.89,25.2,558.75
2116,20.89,25.2,558.5
2117,20.89,25.2,558.333333333333
2118,20.89,25.2,561.4
2119,20.89,25.2,558.25
2120,20.89,25.2,557.2
2121,20.89,25.2,559.666666666667
2122,20.89,25.1333333333333,561.0
2123,20.89,25.16,563.4
2124,20.9175,25.125,559.75
2125,20.9175,25.1,559.0
2126,20.9175,25.1,561.0
2127,20.89,25.1,563.25
2128,20.89,25.1,560.75
2129,20.89,25.1,558.0
2130,20.89,25.08,556.8
2131,20.89,25.125,556.0
2132,20.89,25.1,558.0
2133,20.89,25.08,556.8
2134,20.89,25.0666666666667,557.0
2135,20.89,25.0,556.8
2136,20.89,25.025,548.5
2137,20.89,25.05,550.0
2138,20.89,25.0,554.0
2139,20.89,25.025,555.25
2140,20.89,25.0,555.5
2141,20.89,25.0,556.75
2142,20.89,25.0,558.0
2143,20.89,25.0,558.0
2144,20.89,25.0,558.25
2145,20.89,25.0,556.25
2146,20.89,25.0,554.5
2147,20.89,25.0,555.25
2148,20.89,25.0,558.0
2149,20.89,25.0,554.333333333333
2150,20.89,25.0,549.75
2151,20.89,24.9725,558.5
2152,20.865,24.92,558.25
2153,20.89,24.9175,558.25
2154,20.89,24.9725,547.25
2155,20.89,24.945,553.75
2156,20.89,24.89,547.75
2157,20.89,24.89,547.25
2158,20.89,24.89,551.5
2159,20.89,24.89,554.0
2160,20.89,24.89,550.0
2161,20.89,24.9266666666667,553.666666666667
2162,20.89,24.934,552.4
2163,20.89,24.9266666666667,554.0
2164,20.83,24.87,547.0
2165,20.89,24.89,542.333333333333
2166,20.84,24.8925,544.75
2167,20.89,24.945,547.0
2168,20.865,24.865,552.75
2169,20.89,25.0,556.0
2170,20.87,24.934,551.6
2171,20.84,24.92,553.0
2172,20.89,24.9725,551.25
2173,20.8566666666667,24.9266666666667,552.666666666667
2174,20.865,24.9725,553.75
2175,20.8566666666667,24.8566666666667,545.666666666667
2176,20.865,24.9175,547.75
2177,20.89,24.912,548.4
2178,20.89,24.9266666666667,549.333333333333
2179,20.89,25.0,549.333333333333
2180,20.865,24.8925,545.5
2181,20.89,24.9266666666667,543.0
2182,20.89,24.978,545.6
2183,20.85,24.956,547.6
2184,20.89,25.0,548.666666666667
2185,20.89,25.0,542.75
2186,20.87,24.978,537.2
2187,20.8566666666667,24.9266666666667,541.333333333333
2188,20.865,24.9725,545.25
2189,20.83,24.934,541.25
2190,20.8233333333333,24.9266666666667,535.5
2191,20.89,25.0,536.5
2192,20.87,24.978,543.8
2193,20.84,24.92,542.0
2194,20.84,24.945,537.25
2195,20.8233333333333,24.9266666666667,538.0
2196,20.8233333333333,24.9266666666667,542.0
2197,20.81,24.912,542.0
2198,20.79,24.89,545.333333333333
2199,20.865,24.9725,543.25
2200,20.8566666666667,24.93,539.0
2201,20.84,24.945,540.75
2202,20.79,24.9175,538.0
2203,20.79,24.89,538.0
2204,20.79,24.9266666666667,538.666666666667
2205,20.81,24.956,541.6
2206,20.79,24.89,537.5
2207,20.79,24.978,537.2
2208,20.79,24.9633333333333,541.0
2209,20.79,25.0,534.0
2210,20.79,25.0,532.0
2211,20.84,25.0,531.75
2212,20.79,25.0,532.8
2213,20.79,25.0,532.0
2214,20.8233333333333,24.9266666666667,533.666666666667
2215,20.79,25.0,531.75
2216,20.79,25.0,534.4
2217,20.79,25.0,535.666666666667
2218,20.79,25.0,529.75
2219,20.79,25.0,532.0
2220,20.79,25.0,531.333333333333
2221,20.79,25.0,529.75
2222,20.79,25.0,528.75
2223,20.79,25.0,528.25
2224,20.79,25.0,526.0
2225,20.79,25.0,526.5
2226,20.79,24.9633333333333,529.333333333333
2227,20.815,24.945,528.25
2228,20.81,24.934,526.8
2229,20.79,24.9725,525.5
2230,20.79,24.9633333333333,524.666666666667
2231,20.79,24.89,523.0
2232,20.79,24.89,526.0
2233,20.79,24.9725,523.25
2234,20.79,24.89,524.333333333333
2235,20.79,24.89,521.5
2236,20.79,24.912,518.6
2237,20.79,24.89,520.75
2238,20.79,24.89,527.666666666667
2239,20.79,24.945,526.0
2240,20.79,24.956,519.6
2241,20.79,24.9633333333333,518.333333333333
2242,20.79,24.9725,520.5
2243,20.79,24.945,521.75
2244,20.79,24.89,523.0
2245,20.79,24.89,520.333333333333
2246,20.79,24.89,519.0
2247,20.79,24.945,516.25
2248,20.79,25.0,518.6
2249,20.79,25.0,519.333333333333
2250,20.76,25.0,515.333333333333
2251,20.772,25.0,516.4
2252,20.745,25.0,519.5
2253,20.7675,25.0,522.25
2254,20.7675,25.0,514.75
2255,20.7675,25.0,513.75
2256,20.79,25.0,515.0
2257,20.79,25.0,519.0
2258,20.772,25.0,518.8
2259,20.79,25.0,517.333333333333
2260,20.73,25.0666666666667,509.75
2261,20.718,25.04,513.6
2262,20.73,25.0666666666667,511.0
2263,20.718,25.1,512.4
2264,20.7,25.075,515.5
2265,20.736,25.1,511.8
2266,20.73,25.1,511.666666666667
2267,20.7,25.05,509.75
2268,20.73,25.1,513.0
2269,20.7,25.1,508.5
2270,20.7,25.1,510.0
2271,20.7,25.1,509.666666666667
2272,20.7,25.1,508.5
2273,20.7,25.1,511.25
2274,20.7,25.1,513.333333333333
2275,20.7,25.1,509.5
2276,20.7,25.1,509.0
2277,20.7,25.1,509.0
2278,20.7,25.1,510.5
2279,20.7,25.1,512.0
2280,20.7,25.1,509.0
2281,20.68,25.12,508.0
2282,20.7,25.125,502.25
2283,20.675,25.1,502.5
2284,20.7,25.1,505.5
2285,20.7,25.1,505.5
2286,20.7,25.1,500.25
2287,20.68,25.1,500.0
2288,20.6666666666667,25.1,499.0
2289,20.7,25.1,501.25
2290,20.7,25.1,501.0
2291,20.7,25.1,502.0
2292,20.7,25.1,496.25
2293,20.7,25.1,495.8
2294,20.66,25.1,497.8
2295,20.6333333333333,25.1,497.0
2296,20.625,25.1,497.25
2297,20.675,25.175,503.25
2298,20.675,25.125,500.0
2299,20.7,25.1,494.75
2300,20.7,25.1,492.333333333333
2301,20.7,25.1,492.75
2302,20.7,25.1,497.0
2303,20.65,25.075,498.5
2304,20.7,25.1,498.75
2305,20.675,25.075,498.75
2306,20.7,25.1,495.333333333333
2307,20.675,25.075,490.75
2308,20.7,25.1,487.75
2309,20.65,25.05,491.75
2310,20.7,25.1,491.25
2311,20.7,25.1,493.5
2312,20.7,25.1,493.333333333333
2313,20.7,25.0,493.25
2314,20.7,25.0,491.0
2315,20.7,25.0,492.0
2316,20.7,25.0,496.0
2317,20.7,25.0,493.0
2318,20.7,25.0,491.25
2319,20.7,25.0,494.0
2320,20.7,25.0,494.2
2321,20.7,25.0,493.75
2322,20.7,25.0,495.75
2323,20.7,25.0,492.25
2324,20.7,25.0,486.5
2325,20.7,25.0,493.333333333333
2326,20.7,25.0,494.75
2327,20.7,25.0,490.0
2328,20.7,25.0,490.5
2329,20.7,25.0,490.25
2330,20.7,25.0,498.25
2331,20.7,25.0,499.0
2332,20.7,24.9633333333333,493.0
2333,20.7,24.9816666666667,484.833333333333
2334,20.7,24.9725,480.0
2335,20.7,24.9725,478.75
2336,20.7,25.0,483.333333333333
2337,20.7,25.0,480.2
2338,20.7,24.89,483.333333333333
2339,20.7,24.89,487.0
2340,20.7,24.85,485.2
2341,20.7,24.89,480.666666666667
2342,20.7,24.84,480.25
2343,20.7,24.79,486.0
2344,20.7,24.865,485.75
2345,20.7,24.815,483.0
2346,20.7,24.87,483.6
2347,20.7,24.79,489.333333333333
2348,20.7,24.79,486.75
2349,20.7,24.79,483.5
2350,20.7,24.79,482.0
2351,20.745,24.79,481.5
2352,20.7,24.79,488.25
2353,20.7,24.79,486.333333333333
2354,20.7,24.79,480.6
2355,20.7,24.79,485.666666666667
2356,20.7,24.79,484.8
2357,20.7,24.79,481.0
2358,20.7,24.79,486.5
2359,20.7,24.79,488.0
2360,20.7,24.79,481.666666666667
2361,20.7,24.79,481.0
2362,20.7,24.754,483.0
2363,20.7,24.7675,485.0
2364,20.7,24.76,475.666666666667
2365,20.7,24.7225,478.5
2366,20.7,24.7,482.8
2367,20.7,24.7,482.333333333333
2368,20.7,24.675,481.5
2369,20.7,24.675,479.25
2370,20.7,24.6,478.333333333333
2371,20.7,24.6,477.5
2372,20.7,24.6,480.25
2373,20.7,24.65,481.5
2374,20.7,24.65,481.25
2375,20.7,24.66,481.75
2376,20.7,24.7,479.0
2377,20.7,24.65,482.75
2378,20.7,24.6666666666667,485.666666666667
2379,20.7,24.6333333333333,484.0
2380,20.7,24.6,479.5
2381,20.7,24.6,479.75
2382,20.7,24.6,480.75
2383,20.7,24.6333333333333,475.333333333333
2384,20.7,24.7,475.666666666667
2385,20.7,24.6,477.25
2386,20.7,24.6,478.5
2387,20.7,24.64,479.6
2388,20.7,24.6,475.666666666667
2389,20.7,24.6,479.333333333333
2390,20.7,24.6,478.5
2391,20.7,24.6285714285714,476.857142857143
2392,20.7,24.6333333333333,477.333333333333
2393,20.7,24.625,475.25
2394,20.7,24.6,479.666666666667
2395,20.7,24.6,482.0
2396,20.7,24.6,475.8
2397,20.7,24.6,477.333333333333
2398,20.7,24.6,475.25
2399,20.7,24.6,477.25
2400,20.7,24.6,478.666666666667
2401,20.7,24.6,476.75
2402,20.7,24.6,472.5
2403,20.7,24.6,471.6
2404,20.7,24.6,474.75
2405,20.7,24.6,475.666666666667
2406,20.7,24.6,473.2
2407,20.7,24.6,467.0
2408,20.7,24.6,466.0
2409,20.7,24.6,465.25
2410,20.7,24.6,471.0
2411,20.7,24.6,471.5
2412,20.7,24.6,476.5
2413,20.7,24.6,472.75
2414,20.7,24.6,470.75
2415,20.7,24.575,466.75
2416,20.7,24.5,463.75
2417,20.7,24.5333333333333,469.0
2418,20.7,24.575,472.25
2419,20.7,24.6,475.4
2420,20.7,24.5,474.25
2421,20.7,24.5,470.25
2422,20.7,24.5333333333333,478.0
2423,20.7,24.56,469.4
2424,20.7,24.5333333333333,468.333333333333
2425,20.7,24.6,469.25
2426,20.7,24.6,468.0
2427,20.7,24.6,473.0
2428,20.7,24.5666666666667,474.333333333333
2429,20.7,24.5,475.75
2430,20.7,24.5,473.5
2431,20.7,24.5,474.75
2432,20.7,24.5,472.0
2433,20.7,24.5,468.25
2434,20.7,24.5,471.5
2435,20.7,24.5,469.0
2436,20.7,24.5,468.0
2437,20.7,24.5,471.5
2438,20.7,24.5,469.6
2439,20.7,24.5,466.6
2440,20.7,24.5,462.666666666667
2441,20.7,24.5,461.333333333333
2442,20.7,24.5,463.75
2443,20.7,24.5,466.25
2444,20.7,24.5,468.25
2445,20.7,24.5,470.6
2446,20.7,24.5,467.666666666667
2447,20.7,24.5,469.0
2448,20.7,24.5,464.25
2449,20.7,24.5,468.0
2450,20.7,24.5,468.75
2451,20.7,24.5,472.333333333333
2452,20.7,24.5,468.666666666667
2453,20.7,24.5,467.666666666667
2454,20.7,24.5,462.333333333333
2455,20.7,24.5,463.5
2456,20.7,24.5,467.4
2457,20.7,24.5,465.666666666667
2458,20.7,24.5,465.75
2459,20.7,24.5,469.75
2460,20.7,24.5,463.333333333333
2461,20.62,24.412,462.6
2462,20.7,24.5,468.25
2463,20.7,24.5,469.25
2464,20.675,24.4725,469.0
2465,20.6666666666667,24.4633333333333,471.333333333333
2466,20.625,24.4175,467.75
2467,20.7,24.5,459.0
2468,20.68,24.478,464.6
2469,20.6666666666667,24.4633333333333,467.666666666667
2470,20.7,24.5,473.25
2471,20.7,24.5,471.0
2472,20.675,24.4725,465.75
2473,20.7,24.5,461.5
2474,20.675,24.4725,464.5
2475,20.7,24.5,464.8
2476,20.6333333333333,24.4266666666667,468.333333333333
2477,20.6666666666667,24.4633333333333,464.333333333333
2478,20.6,24.39,463.2
2479,20.6666666666667,24.4633333333333,465.333333333333
2480,20.675,24.4725,464.25
2481,20.64,24.434,460.0
2482,20.7,24.5,461.0
2483,20.6666666666667,24.4633333333333,467.0
2484,20.64,24.434,462.2
2485,20.6,24.39,459.75
2486,20.65,24.445,455.25
2487,20.625,24.4175,455.25
2488,20.6,24.39,461.333333333333
2489,20.6,24.39,465.25
2490,20.6,24.39,464.75
2491,20.6,24.39,464.8
2492,20.6,24.39,463.5
2493,20.625,24.4175,463.5
2494,20.6,24.39,465.666666666667
2495,20.625,24.4175,464.5
2496,20.62,24.412,467.6
2497,20.625,24.4175,459.5
2498,20.625,24.4175,457.5
2499,20.6,24.39,463.333333333333
2500,20.6,24.39,465.0
2501,20.6,24.39,468.25
2502,20.6,24.39,465.0
2503,20.6,24.39,464.5
2504,20.6,24.34,465.5
2505,20.6,24.39,465.75
2506,20.6,24.39,469.75
2507,20.6,24.39,468.2
2508,20.6,24.365,463.5
2509,20.6,24.34,461.5
2510,20.6,24.39,464.0
2511,20.6,24.365,464.0
2512,20.6166666666667,24.3233333333333,466.5
2513,20.6333333333333,24.3233333333333,461.0
2514,20.625,24.315,459.25
2515,20.66,24.312,459.6
2516,20.6,24.2,460.333333333333
2517,20.6,24.2,458.5
2518,20.6,24.2,460.0
2519,20.625,24.2925,464.5
2520,20.62,24.236,467.2
2521,20.6,24.2,456.0
2522,20.6,24.2,459.5
2523,20.6,24.2,460.333333333333
2524,20.6,24.2,462.2
2525,20.6,24.2,460.5
2526,20.6,24.2,464.25
2527,20.6333333333333,24.23,464.333333333333
2528,20.6,24.2,465.75
2529,20.6,24.2,463.5
2530,20.6,24.2,466.2
2531,20.6,24.2,466.25
2532,20.6,24.2,466.0
2533,20.6,24.2,463.25
2534,20.575,24.2,466.75
2535,20.6,24.2,467.666666666667
2536,20.6,24.2,463.5
2537,20.6,24.2,459.25
2538,20.6,24.2,463.25
2539,20.575,24.2,463.0
2540,20.5333333333333,24.2,459.333333333333
2541,20.55,24.2,463.0
2542,20.575,24.2,460.75
2543,20.56,24.2,462.4
2544,20.52,24.2,464.0
2545,20.5333333333333,24.2,462.666666666667
2546,20.55,24.2,467.0
2547,20.6,24.2,468.0
2548,20.6,24.1,463.25
2549,20.6,24.175,462.5
2550,20.6,24.1,467.75
2551,20.6666666666667,24.1666666666667,467.666666666667
2552,20.6,24.1,466.25
2553,20.6,24.1,466.5
2554,20.6,24.1,467.5
2555,20.6,24.1,464.5
2556,20.6,24.1,460.5
2557,20.6,24.0333333333333,457.0
2558,20.6,24.08,459.4
2559,20.6333333333333,24.0666666666667,465.0
2560,20.6,24.05,465.75
2561,20.625,24.05,468.75
2562,20.6,24.0,463.5
2563,20.6,24.05,463.25
2564,20.6,24.0,466.333333333333
2565,20.6,24.02,467.8
2566,20.575,24.075,463.25
2567,20.525,24.1,468.75
2568,20.5666666666667,24.1,465.0
2569,20.525,24.1,464.75
2570,20.54,24.1,466.4
2571,20.5,24.1,467.0
2572,20.5,24.15,466.75
2573,20.525,24.1,468.75
2574,20.5,24.2,468.666666666667
2575,20.5,24.2,466.75
2576,20.5,24.2,462.5
2577,20.525,24.1,465.5
2578,20.54,24.1,463.8
2579,20.5,24.1,467.333333333333
2580,20.5666666666667,24.1,466.75
2581,20.5,24.1,466.8
2582,20.5,24.1,464.0
2583,20.52,24.1,461.4
2584,20.5,24.1,464.666666666667
2585,20.5,24.1,465.5
2586,20.5,24.1,467.666666666667
2587,20.5,24.1,473.5
2588,20.52,24.1,469.8
2589,20.5,24.1,469.666666666667
2590,20.5,24.1,470.6
2591,20.5,24.1,468.0
2592,20.5,24.1,468.5
2593,20.5,24.1,470.0
2594,20.4725,24.05,472.75
2595,20.5,24.075,466.75
2596,20.4725,24.0225,466.0
2597,20.4266666666667,23.96,467.333333333333
2598,20.4725,23.9975,468.5
2599,20.456,23.956,470.8
2600,20.5,24.0,472.0
2601,20.478,23.978,470.0
2602,20.445,23.945,466.666666666667
2603,20.5,24.0,461.4
2604,20.39,23.89,462.666666666667
2605,20.4725,23.89,464.75
2606,20.5,23.89,473.5
2607,20.456,23.85,472.5
2608,20.4266666666667,23.8233333333333,473.0
2609,20.4633333333333,23.8566666666667,473.0
2610,20.445,23.8233333333333,469.833333333333
2611,20.445,23.8175,469.25
2612,20.4175,23.7475,471.75
2613,20.4266666666667,23.76,472.666666666667
2614,20.4175,23.7225,471.5
2615,20.4725,23.7675,471.0
2616,20.39,23.7,472.0
2617,20.434,23.736,468.8
2618,20.4266666666667,23.73,471.666666666667
2619,20.39,23.7,474.75
2620,20.4175,23.7225,473.5
2621,20.4725,23.7675,473.75
2622,20.4816666666667,23.89,484.5
2623,20.5,23.89,492.4
2624,20.5,23.89,491.0
2625,20.5,23.89,487.2
2626,20.55,23.945,493.25
2627,20.52,24.0,499.6
2628,20.525,24.0,506.2
2629,20.6,24.0833333333333,507.333333333333
2630,20.6,24.1,514.6
2631,20.6,24.175,522.25
2632,20.6,24.2,525.6
2633,20.6,24.2,528.0
2634,20.6333333333333,24.23,537.333333333333
2635,20.66,24.2,538.8
2636,20.625,24.175,538.5
2637,20.66,24.216,535.8
2638,20.675,24.34,538.75
2639,20.7,24.5,546.25
2640,20.7,24.65,554.666666666667
2641,20.7,24.7,565.333333333333
2642,20.7,24.7675,573.0
2643,20.7128571428571,24.79,581.142857142857
2644,20.7,24.79,587.25
2645,20.754,24.87,588.2
2646,20.775,24.89,589.5
2647,20.772,24.956,592.0
2648,20.79,24.978,599.8
2649,20.79,25.0,605.4
2650,20.79,24.9975,611.25
2651,20.81,25.02,616.4
2652,20.865,25.075,621.0
2653,20.8233333333333,25.0333333333333,622.666666666667
2654,20.8566666666667,25.0666666666667,624.0
2655,20.84,25.05,623.75
2656,20.87,25.16,632.4
2657,20.89,25.2,639.0
2658,20.8733333333333,25.275,646.0
2659,20.84,25.1975,649.5
2660,20.89,25.272,649.8
2661,20.865,25.365,656.75
2662,20.84,25.34,660.75
2663,20.8733333333333,25.3733333333333,659.333333333333
2664,20.87,25.37,671.6
2665,20.84,25.34,673.5
2666,20.865,25.365,678.25
2667,20.89,25.39,681.0
2668,20.89,25.35,683.0
2669,20.89,25.33,689.4
2670,20.89,25.34,694.25
2671,20.912,25.39,690.4
2672,20.945,25.39,697.333333333333
2673,20.9725,25.39,710.25
2674,20.956,25.39,717.8
2675,21.0,25.39,720.75
2676,21.0,25.412,721.4
2677,21.0,25.39,718.0
2678,21.0,25.3566666666667,715.5
2679,21.0,25.29,713.0
2680,21.0,25.29,714.8
2681,21.0,25.245,714.5
2682,21.0,25.2,711.0
2683,21.0,25.2,705.0
2684,21.0,25.2,711.0
2685,21.025,25.2225,713.5
2686,21.0833333333333,25.2,719.5
2687,21.0666666666667,25.2,727.666666666667
2688,21.1166666666667,25.2,728.666666666667
2689,21.15,25.2225,731.25
2690,21.2,25.2283333333333,738.5
2691,21.2,25.18,740.2
2692,21.2,25.1,735.75
2693,21.2,25.14,735.0
2694,21.215,25.215,746.166666666667
2695,21.2,25.2,762.75
2696,21.2,25.2,766.2
2697,21.2,25.218,763.4
2698,21.215,25.2916666666667,773.833333333333
2699,21.2,25.29,777.75
2700,21.2,25.3566666666667,778.0
2701,21.2,25.37,778.4
2702,21.2225,25.34,774.75
2703,21.236,25.33,774.0
2704,21.29,25.4725,778.0
2705,21.29,25.4266666666667,779.0
2706,21.272,25.412,780.6
2707,21.29,25.575,786.25
2708,21.29,25.6725,800.75
2709,21.34,25.79,814.0
2710,21.412,25.872,832.0
2711,21.5,26.0,849.25
2712,21.5,26.08,860.6
2713,21.6,26.15,871.0
2714,21.66,26.216,879.5
2715,21.7,26.2675,894.0
2716,21.7225,26.2225,905.5
2717,21.79,26.39,911.2
2718,21.81,26.274,919.2
2719,21.865,26.315,923.5
2720,21.89,26.315,931.75
2721,21.89,26.315,934.75
2722,21.945,26.2225,934.75
2723,22.0,26.12,939.0
2724,22.0,26.0666666666667,936.666666666667
2725,22.0857142857143,26.1285714285714,936.428571428571
2726,22.1,26.1,936.5
2727,22.1,26.1,937.6
2728,22.14,25.998,937.8
2729,22.2,26.0,946.0
2730,22.29,25.9633333333333,950.333333333333
2731,22.29,25.89,937.333333333333
2732,22.29,25.8566666666667,943.666666666667
2733,22.3233333333333,25.8066666666667,946.166666666667
2734,22.39,25.7,944.5
2735,22.39,25.68,944.4
2736,22.445,25.65,948.0
2737,22.5,25.6666666666667,940.333333333333
2738,22.5,25.6,944.333333333333
2739,22.5666666666667,25.6,942.166666666667
2740,22.6,25.6,948.666666666667
2741,22.6,25.4725,945.0
2742,22.7,25.5,951.75
2743,22.7,25.456,958.6
2744,22.7225,25.4175,956.25
2745,22.7675,25.315,952.25
2746,22.79,25.456,954.6
2747,22.8233333333333,25.3933333333333,961.666666666667
2748,22.89,25.39,961.75
2749,22.89,25.39,953.8
2750,22.9083333333333,25.39,956.333333333333
2751,22.9725,25.39,970.0
2752,23.0,25.39,971.25
2753,23.025,25.4175,986.25
2754,23.1,25.5,985.0
2755,23.1,25.5,997.0
2756,23.2,25.5,1003.8
2757,23.2,25.5,1004.83333333333
2758,23.2,25.5,1011.4
2759,23.29,25.6,1022.5
2760,23.29,25.6,1029.83333333333
2761,23.31,25.6,1031.0
2762,23.39,25.6,1040.0
2763,23.365,25.6,1040.5
2764,23.39,25.6,1042.0
2765,23.456,25.66,1052.4
2766,23.5,25.718,1062.8
2767,23.58,25.736,1067.75
2768,23.6,25.89,1072.25
2769,23.64,25.954,1095.2
2770,23.6666666666667,26.0666666666667,1109.0
2771,23.7,26.12,1119.0
2772,23.718,26.1,1123.4
2773,23.79,26.125,1122.5
2774,23.745,26.2,1123.0
2775,23.79,26.31,1158.2
2776,23.79,26.315,1160.25
2777,23.89,26.39,1166.0
2778,23.89,26.365,1164.75
2779,23.89,26.29,1163.25
2780,23.9842857142857,26.3757142857143,1172.71428571429
2781,24.0,26.365,1182.0
2782,24.05,26.34,1182.0
2783,24.08,26.37,1187.6
2784,24.1,26.5666666666667,1191.33333333333
2785,24.1,26.4725,1213.75
2786,24.1,26.154,1194.0
2787,24.1,25.958,1173.4
2788,24.1,25.918,1160.2
2789,24.1,25.8925,1156.25
2790,24.1,25.832,1139.0
2791,24.175,25.84,1140.5
2792,24.2,25.8916666666667,1145.33333333333
2793,24.2,25.89,1149.25
2794,24.2,25.89,1152.5
2795,24.2,25.89,1153.25
2796,24.218,25.912,1152.4
2797,24.26,25.8916666666667,1146.16666666667
2798,24.29,25.978,1145.4
2799,24.29,25.852,1140.8
2800,24.29,25.7,1150.25
2801,24.33,25.736,1129.2
2802,24.33,25.7,1125.8
2803,24.3566666666667,25.7,1123.0
2804,24.4083333333333,25.6816666666667,1124.0
